delete from `student` where student_id>0;
delete from `education_info` where education_info_id>0;
delete from `personal_info` where personal_info_id>0;
delete from `hostel` where hostel_id>0;
delete from `groupe` where group_id>0;
delete from `speciality` where speciality_id>0;
delete from `faculty` where faculty_id>0;
delete from `country` where country_id>0;

/*******************************
		Страны
*******************************/
INSERT INTO `interstudents`.`country`
(`country_id`,
`country_name`,
`is_bad`)
VALUES
(1, 'Беларусь', false),
(2, 'Россия', false),
(3, 'Украина', false),
(4, 'Туркменистан', true),
(5, 'Узбекистан', true),
(6, 'Турция', true);

/*******************************
		Факультеты
*******************************/
INSERT INTO `interstudents`.`faculty`
(`faculty_id`,
`faculty_name`)
VALUES
(1, 'Физмат'),
(2, 'Истфак'),
(3, 'Физо'),
(4, 'Филфак'),
(5, 'Экономфак'),
(6, 'Педфак');

/*******************************
		Специальности
*******************************/
INSERT INTO `interstudents`.`speciality`
(`speciality_id`,
`faculty_id`,
`speciality_name`)
VALUES
(1, 1, 'Математик'),
(2, 1, 'Физик'),
(3, 1, 'Информатик'),
(4, 2, 'Историк'),
(5, 2, 'Археолог'),
(6, 3, 'Футбол'),
(7, 3, 'Лыжи'),
(8, 4, 'Анлийский'),
(9, 4, 'Русский'),
(10, 5, 'Экономист'),
(11, 5, 'Бугалтер'),
(12, 6, 'Педогог'),
(13, 6, 'Воспитатель');

/*******************************
		Группы
*******************************/
INSERT INTO `interstudents`.`groupe`
(`group_id`,
`speciality_id`,
`group_name`)
VALUES
(1, 1, 'АБ'),
(2, 1, 'ВГ'),
(3, 1, 'ДЕ'),
(4, 2, 'А'),
(5, 2, 'Б'),
(6, 2, 'В'),
(7, 3, 'А'),
(8, 3, 'В'),
(9, 3, 'Г'),
(10, 4, 'А'),
(11, 4, 'Б'),
(12, 4, 'В'),
(13, 5, 'А'),
(14, 5, 'Б'),
(15, 5, 'В'),
(16, 6, 'А'),
(17, 6, 'Б'),
(18, 6, 'В'),
(19, 7, 'А'),
(20, 7, 'Б'),
(21, 7, 'В'),
(22, 8, 'А'),
(23, 8, 'Б'),
(24, 8, 'В'),
(25, 9, 'А'),
(26, 9, 'Б'),
(27, 9, 'В'),
(28, 10, 'А'),
(29, 10, 'Б'),
(30, 10, 'ВГ'),
(31, 11, 'А'),
(32, 11, 'В'),
(33, 11, 'Г'),
(34, 12, 'А'),
(35, 12, 'Б'),
(36, 12, 'В'),
(37, 13, 'А'),
(38, 13, 'Д'),
(39, 13, 'Е');

/*******************************
		Общежития
*******************************/
INSERT INTO `interstudents`.`hostel`
(`hostel_id`,
`hostel_name`,
`address`)
VALUES
(1, 'общежитие №1', 'г. Могилев ул. Ленинская, 39'),
(2, 'общежитие №2', 'г. Могилев ул. Ленинская, 33'),
(3, 'общежитие №3', 'г. Могилев ул. Космонавтов, 21'),
(4, 'общежитие №4', 'г. Могилев ул. Комсомольская, 14'),
(5, 'общежитие №5', 'г. Могилев ул. К. Маркса, 2');

/*******************************
		Персональная информация
*******************************/
INSERT INTO `interstudents`.`personal_info`
(`personal_info_id`,
`birth_date`,
`birth_place`,
`pasport_number`,
`pasport_validity`,
`gender`,
`visa_number`,
`visa_end_date`,
`insurance_number`,
`insurance_end_date`)
VALUES
/*id,birth_date,birth_place,pasport_number,pasport_validity,gender,visa_number,visa_end_date,insurance_number,insurance_end_date*/
(1,'30.10.14','Samoa',7,'25.02.16','М',5,'26.03.15',5,'09.02.16'),(2,'22.04.14','France',1,'23.07.14','Ж',1,'10.03.14',10,'05.04.14'),(3,'15.02.15','Paraguay',8,'28.02.15','Ж',7,'05.03.15',5,'09.05.14'),(4,'13.01.15','Canada',3,'13.09.14','Ж',5,'09.10.14',4,'15.05.14'),(5,'23.04.15','Guatemala',3,'24.04.15','М',4,'12.09.15',1,'06.04.15'),(6,'16.03.14','Saint Kitts and Nevis',7,'14.02.15','Ж',9,'17.08.15',10,'07.04.15'),(7,'11.12.15','French Polynesia',9,'04.08.14','М',10,'01.11.15',3,'09.04.14'),(8,'25.10.15','Dominica',7,'03.02.15','М',3,'19.07.15',6,'08.07.14'),(9,'20.03.14','Turks and Caicos Islands',9,'02.09.15','Ж',9,'02.12.14',9,'19.03.14'),(10,'31.07.15','South Georgia and The South Sandwich Islands',1,'02.02.16','Ж',10,'29.08.14',8,'20.04.15'),(11,'03.05.15','Germany',4,'02.02.16','Ж',3,'23.05.15',7,'04.11.15'),(12,'20.04.14','Ecuador',4,'10.06.14','М',4,'20.08.15',7,'13.12.15'),(13,'29.10.15','Montserrat',1,'28.09.14','М',4,'29.10.14',1,'18.04.14'),(14,'06.08.15','France',8,'27.06.14','Ж',9,'27.01.15',1,'22.03.15'),(15,'17.06.15','Finland',10,'17.07.15','Ж',8,'20.07.14',5,'14.10.14'),(16,'24.12.15','Saint Kitts and Nevis',10,'06.10.15','М',4,'09.04.14',3,'26.04.15'),(17,'15.02.15','Tunisia',10,'07.09.14','Ж',10,'02.01.15',1,'05.11.15'),(18,'11.01.15','Philippines',4,'21.08.15','Ж',2,'12.09.14',8,'31.05.15'),(19,'08.11.15','Tajikistan',1,'30.01.15','Ж',2,'06.08.14',7,'19.08.14'),(20,'18.01.16','Benin',5,'28.08.14','М',6,'11.04.14',2,'18.06.15'),(21,'18.07.14','Panama',10,'21.08.15','Ж',1,'06.12.15',5,'10.04.14'),(22,'19.01.16','Thailand',10,'30.06.14','М',6,'20.11.14',7,'05.09.14'),(23,'18.09.15','Mayotte',1,'10.11.15','Ж',2,'12.04.14',7,'30.08.14'),(24,'07.05.15','Estonia',8,'26.03.15','Ж',10,'26.02.16',2,'09.09.15'),(25,'22.06.14','Puerto Rico',4,'27.08.14','М',7,'16.05.14',3,'29.07.14'),(26,'04.07.15','Iran',9,'14.04.15','Ж',3,'09.03.15',10,'10.03.14'),(27,'10.10.14','Macedonia',10,'18.09.15','М',10,'02.10.14',8,'04.12.14'),(28,'17.04.15','Bolivia',2,'13.09.15','Ж',4,'23.07.14',6,'10.04.15'),(29,'07.10.15','Kenya',6,'03.12.15','М',2,'19.12.14',3,'20.04.14'),(30,'14.05.15','Papua New Guinea',9,'09.04.15','Ж',3,'23.05.15',4,'21.07.14'),(31,'06.07.14','Congo, the Democratic Republic of the',4,'20.01.16','Ж',10,'07.08.15',3,'19.05.15'),(32,'19.10.15','Vanuatu',5,'27.09.14','Ж',2,'06.05.14',10,'19.11.14'),(33,'07.09.14','Switzerland',8,'26.12.14','Ж',7,'01.02.16',6,'30.09.14'),(34,'25.03.14','Philippines',8,'12.10.14','М',2,'12.11.15',6,'11.02.16'),(35,'27.06.15','Sweden',8,'22.05.15','Ж',4,'15.08.14',9,'02.11.15'),(36,'26.04.14','Spain',5,'26.07.15','Ж',7,'12.05.14',3,'11.12.15'),(37,'26.11.15','Pakistan',3,'10.04.14','М',2,'11.06.15',8,'14.12.14'),(38,'10.03.15','Ireland',9,'05.06.15','Ж',5,'03.04.15',10,'30.11.14'),(39,'11.11.14','Turks and Caicos Islands',7,'18.04.15','М',1,'04.07.14',8,'20.03.15'),(40,'28.02.15','Uruguay',4,'05.04.15','М',7,'17.04.14',4,'27.08.14'),(41,'27.07.15','French Polynesia',6,'08.09.15','Ж',2,'14.04.14',3,'28.08.15'),(42,'14.02.15','British Indian Ocean Territory',6,'22.06.14','Ж',1,'06.09.14',4,'26.02.16'),(43,'30.09.14','Cook Islands',3,'22.03.15','Ж',3,'29.07.15',3,'09.07.14'),(44,'01.01.16','New Caledonia',3,'29.02.16','М',4,'27.05.14',4,'20.05.15'),(45,'03.02.16','Morocco',1,'17.12.15','М',8,'06.04.14',9,'28.01.15'),(46,'21.02.15','Brunei',6,'24.01.15','М',2,'26.12.14',6,'30.09.15'),(47,'21.04.15','Guam',10,'22.09.14','М',8,'24.04.14',3,'04.06.15'),(48,'15.02.16','Cayman Islands',10,'20.11.15','М',3,'16.02.16',8,'12.12.14'),(49,'14.12.15','Barbados',2,'19.07.15','Ж',7,'28.08.14',8,'28.06.15'),(50,'08.08.14','New Caledonia',10,'16.10.14','Ж',5,'12.02.16',8,'01.04.15'),(51,'12.09.14','Austria',9,'20.11.15','М',8,'08.04.14',6,'29.09.14'),(52,'05.02.15','Bonaire, Sint Eustatius and Saba',1,'05.10.15','Ж',5,'01.09.15',10,'14.03.15'),(53,'07.01.15','Hungary',3,'13.06.14','М',2,'20.06.15',5,'01.05.14'),(54,'05.03.14','El Salvador',4,'13.01.16','М',4,'15.03.15',7,'08.07.14'),(55,'10.07.14','Nigeria',3,'17.05.15','Ж',2,'03.01.16',2,'27.11.15'),(56,'27.12.14','United States Minor Outlying Islands',1,'15.06.14','Ж',9,'16.03.15',2,'19.08.14'),(57,'28.08.14','Ireland',6,'28.09.14','Ж',10,'27.08.14',9,'16.05.15'),(58,'04.07.14','Timor-Leste',1,'08.02.15','Ж',9,'29.07.15',4,'05.04.15'),(59,'05.12.14','Venezuela',3,'01.11.15','М',1,'28.04.14',8,'16.01.15'),(60,'28.05.14','Papua New Guinea',6,'05.06.14','М',5,'09.04.14',4,'14.07.14'),(61,'17.11.14','Burkina Faso',1,'17.08.14','Ж',6,'09.11.15',4,'03.07.15'),(62,'20.02.15','Luxembourg',8,'14.03.15','М',4,'03.10.15',1,'12.11.15'),(63,'18.02.16','Montenegro',3,'10.12.14','М',2,'06.06.15',5,'22.11.14'),(64,'18.04.14','Indonesia',9,'20.10.14','М',3,'22.07.14',8,'24.05.15'),(65,'07.04.15','Brunei',3,'14.04.14','Ж',7,'30.10.14',9,'10.08.14'),(66,'06.03.15','Afghanistan',2,'05.04.14','Ж',7,'20.02.16',2,'07.07.14'),(67,'21.12.15','Switzerland',6,'06.07.14','М',9,'02.11.14',4,'13.07.15'),(68,'07.10.14','Bangladesh',7,'31.05.14','Ж',8,'29.01.15',10,'03.06.14'),(69,'03.12.15','Canada',10,'11.08.15','Ж',6,'21.11.15',8,'07.01.15'),(70,'18.05.14','Hong Kong',3,'12.05.14','М',9,'22.06.15',3,'12.02.16'),(71,'17.07.14','Cuba',6,'16.12.15','М',1,'11.09.14',7,'05.02.16'),(72,'30.03.15','Algeria',6,'22.07.15','М',2,'11.12.15',4,'19.04.14'),(73,'08.02.16','American Samoa',2,'29.01.16','Ж',5,'11.03.15',5,'21.11.14'),(74,'28.11.15','Poland',7,'09.12.14','Ж',5,'25.01.16',8,'01.10.15'),(75,'26.10.15','Turkmenistan',9,'08.10.15','М',3,'03.02.16',6,'12.09.15'),(76,'29.03.15','Panama',1,'20.07.15','М',8,'01.06.14',1,'11.01.16'),(77,'06.04.15','Reunion',6,'13.07.15','М',8,'25.02.16',2,'31.03.14'),(78,'19.09.14','Barbados',4,'01.11.15','Ж',6,'25.03.15',1,'27.10.14'),(79,'28.12.15','Guinea',9,'23.05.14','М',1,'26.10.15',1,'08.08.14'),(80,'19.03.15','Nicaragua',4,'15.10.15','М',8,'15.01.15',9,'13.05.14'),(81,'18.12.15','San Marino',9,'28.11.15','Ж',8,'13.12.15',4,'29.01.16'),(82,'25.02.16','Cambodia',4,'02.09.15','Ж',6,'08.07.15',1,'18.07.14'),(83,'22.06.14','Jordan',9,'06.05.15','Ж',4,'17.07.15',7,'29.03.14'),(84,'03.11.14','Poland',3,'22.10.14','М',7,'19.02.15',1,'10.09.14'),(85,'20.04.14','Hong Kong',9,'09.08.15','М',2,'01.07.14',6,'10.07.15'),(86,'01.02.15','Senegal',10,'06.02.16','Ж',7,'12.07.14',9,'10.12.14'),(87,'18.08.14','Congo (Brazzaville)',7,'13.04.15','М',9,'04.08.15',2,'17.06.14'),(88,'31.10.14','Iran',1,'10.10.15','М',10,'22.09.14',7,'20.11.14'),(89,'14.07.15','Ghana',10,'16.08.15','М',2,'01.02.15',1,'19.02.15'),(90,'27.12.15','Montserrat',7,'07.07.15','М',5,'12.10.14',4,'03.04.15'),(91,'30.01.16','Turkmenistan',1,'07.07.14','М',8,'14.12.15',9,'16.01.16'),(92,'03.04.14','Norway',3,'08.04.15','М',1,'31.10.15',4,'28.08.15'),(93,'15.02.15','Syria',6,'03.02.15','Ж',6,'25.10.15',5,'25.03.15'),(94,'29.07.15','Georgia',2,'02.03.16','М',3,'16.02.15',3,'25.02.15'),(95,'17.09.15','Guinea-Bissau',4,'08.04.14','Ж',1,'11.06.15',3,'23.04.14'),(96,'06.01.16','Norfolk Island',4,'21.01.15','М',6,'27.08.14',8,'04.06.15'),(97,'17.03.15','Guadeloupe',9,'28.02.15','М',4,'27.04.15',1,'13.04.15'),(98,'19.08.15','Russian Federation',8,'21.05.14','Ж',10,'31.08.14',2,'16.03.15'),(99,'20.09.15','Venezuela',6,'25.01.16','М',3,'13.06.14',5,'30.07.15'),(100,'29.06.14','Barbados',4,'14.12.14','Ж',1,'17.08.15',2,'25.09.15'),(101,'15.04.14','Bouvet Island',8,'16.06.14','Ж',10,'05.12.14',1,'13.08.15'),(102,'11.09.14','Botswana',9,'27.07.15','М',4,'20.08.14',1,'07.11.15'),(103,'02.06.15','Switzerland',1,'21.07.14','Ж',7,'12.06.14',9,'07.01.15'),(104,'25.09.14','Myanmar',6,'21.07.15','Ж',4,'08.07.14',8,'02.07.15'),(105,'26.01.16','Mali',9,'29.03.15','М',6,'04.08.14',9,'17.03.15'),(106,'12.03.15','Congo, the Democratic Republic of the',5,'29.02.16','М',10,'14.09.15',4,'27.04.15'),(107,'07.06.14','Niger',7,'21.06.15','Ж',9,'09.05.14',7,'20.06.14'),(108,'18.04.15','Norway',6,'26.04.14','М',7,'08.09.15',7,'10.12.14'),(109,'15.01.16','Barbados',6,'02.04.15','Ж',7,'17.03.15',9,'23.11.14'),(110,'20.07.15','India',7,'17.05.14','Ж',3,'04.10.14',3,'23.08.15'),(111,'03.01.16','Monaco',3,'08.02.15','Ж',10,'29.10.14',1,'10.08.14'),(112,'07.12.14','Papua New Guinea',7,'28.06.14','М',2,'20.08.14',8,'06.11.15'),(113,'22.07.15','Kiribati',3,'27.06.15','М',8,'30.01.15',8,'04.01.15'),(114,'18.11.15','Gibraltar',10,'04.04.14','М',2,'28.10.14',7,'29.04.15'),(115,'14.01.16','Austria',4,'23.09.14','Ж',10,'21.11.15',5,'17.12.14'),(116,'02.04.15','Chile',6,'02.12.15','Ж',8,'12.08.14',7,'04.05.15'),(117,'04.12.14','Malaysia',9,'20.06.15','Ж',9,'27.01.16',3,'24.11.14'),(118,'08.09.15','Papua New Guinea',3,'14.12.14','Ж',8,'08.06.14',1,'05.07.15'),(119,'07.07.14','Yemen',6,'25.09.14','Ж',10,'03.07.15',9,'25.08.15'),(120,'06.01.16','Jersey',3,'02.01.16','М',8,'11.05.15',3,'19.11.14'),(121,'09.10.14','Philippines',2,'24.08.14','Ж',5,'04.04.15',1,'11.02.15'),(122,'05.02.15','France',10,'23.02.16','М',8,'24.09.14',9,'23.03.15'),(123,'10.03.14','Georgia',9,'02.02.15','Ж',9,'07.10.15',7,'18.07.15'),(124,'27.01.15','Solomon Islands',3,'05.01.16','Ж',9,'13.01.16',1,'11.11.15'),(125,'14.08.14','Pitcairn Islands',5,'04.06.15','Ж',10,'26.03.14',8,'20.12.14'),(126,'18.06.14','United Arab Emirates',8,'16.11.14','М',6,'16.08.14',10,'11.07.14'),(127,'25.03.14','Costa Rica',1,'01.12.14','Ж',9,'18.12.15',3,'09.03.15'),(128,'21.02.16','Armenia',4,'11.12.15','Ж',9,'08.12.15',10,'03.09.15'),(129,'21.07.15','Oman',9,'08.09.14','Ж',2,'03.07.14',3,'10.09.14'),(130,'27.04.14','Finland',5,'31.12.14','Ж',1,'17.08.14',10,'25.10.15'),(131,'26.07.14','Seychelles',7,'02.01.16','М',8,'23.06.14',2,'10.08.14'),(132,'19.01.15','Kiribati',6,'29.07.14','М',7,'08.03.14',1,'12.02.15'),(133,'15.05.14','Bahrain',9,'15.09.15','Ж',3,'12.11.14',7,'01.01.16'),(134,'17.05.14','Macao',9,'19.10.15','М',10,'11.03.14',9,'10.11.14'),(135,'07.09.14','Turkey',4,'24.08.15','Ж',6,'28.05.14',8,'17.10.14'),(136,'20.11.15','Equatorial Guinea',5,'29.03.14','М',7,'26.05.15',4,'25.03.15'),(137,'11.03.15','Croatia',9,'07.01.15','Ж',7,'06.04.15',1,'20.06.14'),(138,'18.05.15','Seychelles',7,'15.07.14','Ж',9,'20.05.15',7,'15.06.14'),(139,'27.08.14','Saint Pierre and Miquelon',2,'03.09.14','М',10,'16.12.14',9,'22.04.15'),(140,'05.03.14','Morocco',10,'16.12.14','М',3,'23.06.15',5,'15.07.14'),(141,'30.12.14','Tonga',10,'09.02.15','Ж',9,'20.09.15',3,'29.07.14'),(142,'17.07.14','Nigeria',10,'10.05.15','М',1,'23.09.14',9,'18.10.15'),(143,'25.04.15','French Southern Territories',7,'31.05.15','М',10,'17.07.14',4,'23.02.16'),(144,'22.01.15','Iran',5,'19.01.16','Ж',7,'14.12.15',2,'17.04.14'),(145,'03.01.15','Australia',1,'10.02.16','М',3,'29.05.15',6,'13.08.14'),(146,'20.11.14','Cook Islands',10,'19.03.14','Ж',1,'21.06.15',1,'18.07.15'),(147,'16.09.15','Mali',8,'11.07.14','Ж',2,'25.05.14',10,'22.04.14'),(148,'17.11.14','Curaçao',6,'03.12.15','Ж',9,'08.10.14',1,'26.09.14'),(149,'17.07.14','Singapore',6,'23.08.14','Ж',7,'18.06.15',6,'04.07.14'),(150,'02.11.15','Indonesia',4,'09.01.15','М',2,'24.07.15',6,'08.09.14'),(151,'19.09.15','Seychelles',6,'18.06.14','М',8,'07.07.14',2,'06.05.14'),(152,'25.12.15','Virgin Islands, United States',9,'02.01.15','М',10,'03.06.15',7,'28.11.14'),(153,'03.03.14','Guinea-Bissau',3,'04.10.14','Ж',2,'29.02.16',1,'19.07.15'),(154,'25.03.15','Botswana',4,'30.08.14','Ж',2,'21.10.15',3,'16.11.14'),(155,'27.03.15','Saint Barthélemy',5,'07.04.15','М',6,'02.02.15',4,'29.02.16'),(156,'10.02.16','Armenia',3,'12.05.15','Ж',9,'11.08.15',3,'12.12.15'),(157,'27.07.14','South Africa',1,'01.09.14','М',8,'14.07.14',6,'15.12.15'),(158,'07.05.14','Uzbekistan',4,'19.10.14','Ж',1,'06.04.15',7,'25.02.16'),(159,'29.01.16','Canada',1,'25.02.15','М',8,'19.07.15',10,'01.11.14'),(160,'15.10.14','Cook Islands',6,'10.10.15','Ж',3,'27.10.14',7,'11.04.14'),(161,'24.07.15','Sudan',9,'11.04.14','Ж',8,'13.03.14',6,'30.08.15'),(162,'19.09.14','Liechtenstein',10,'10.07.14','Ж',5,'18.11.15',2,'09.12.15'),(163,'11.12.15','Macedonia',10,'02.03.15','М',10,'02.11.14',7,'16.02.15'),(164,'17.01.15','Benin',8,'11.06.15','М',1,'01.06.15',1,'25.06.14'),(165,'08.08.15','Uganda',2,'26.04.14','М',9,'13.03.14',7,'10.11.14'),(166,'03.01.15','United States Minor Outlying Islands',4,'04.02.15','М',2,'05.05.14',5,'16.11.15'),(167,'07.04.14','Japan',9,'09.09.14','Ж',9,'18.11.15',10,'11.04.14'),(168,'09.09.15','Congo, the Democratic Republic of the',10,'20.01.16','Ж',10,'11.05.15',4,'05.03.14'),(169,'31.01.15','Ghana',2,'23.03.15','М',10,'17.02.15',2,'19.10.14'),(170,'18.01.15','Tuvalu',5,'06.01.16','М',9,'01.07.15',6,'09.09.14'),(171,'13.05.15','Curaçao',8,'24.11.15','Ж',10,'04.08.15',1,'04.05.14'),(172,'12.01.16','Norway',6,'14.06.15','Ж',3,'12.01.15',10,'13.08.14'),(173,'21.04.15','Turkmenistan',4,'30.09.15','М',5,'13.04.14',3,'19.08.15'),(174,'20.02.15','Montserrat',6,'18.02.16','М',10,'04.10.14',5,'16.10.14'),(175,'26.12.15','Indonesia',6,'07.01.15','Ж',2,'05.06.14',9,'28.11.15'),(176,'20.02.16','Senegal',2,'10.12.15','Ж',1,'03.10.14',2,'08.11.15'),(177,'20.09.14','Switzerland',1,'05.04.14','Ж',7,'22.06.15',8,'18.11.15'),(178,'13.12.14','Azerbaijan',9,'30.09.14','Ж',10,'17.01.16',3,'08.05.14'),(179,'11.12.15','Monaco',6,'07.09.15','Ж',8,'07.02.16',2,'09.03.14'),(180,'02.12.15','Solomon Islands',6,'15.04.14','Ж',8,'24.11.14',2,'26.02.15'),(181,'31.10.15','Greece',3,'07.04.15','М',6,'23.09.15',4,'23.08.14'),(182,'22.05.14','Pakistan',9,'04.02.15','Ж',6,'20.08.15',5,'28.10.14'),(183,'04.09.15','Hungary',4,'02.10.15','Ж',5,'19.05.15',4,'25.09.14'),(184,'16.12.15','Falkland Islands',5,'01.05.15','М',9,'26.02.16',3,'31.05.15'),(185,'09.09.14','Virgin Islands, United States',7,'17.10.14','М',6,'05.02.16',2,'03.04.14'),(186,'24.05.14','Sao Tome and Principe',10,'03.10.15','М',3,'14.10.14',7,'21.11.15'),(187,'31.12.14','Macao',2,'06.05.14','Ж',9,'24.06.15',2,'27.07.14'),(188,'27.05.15','Equatorial Guinea',8,'06.05.14','М',4,'23.01.16',9,'22.10.15'),(189,'04.04.15','Oman',3,'05.12.14','Ж',10,'10.04.15',8,'20.05.15'),(190,'19.02.16','Marshall Islands',10,'06.07.15','М',2,'05.05.15',7,'26.12.15'),(191,'02.04.15','Congo, the Democratic Republic of the',8,'13.06.14','М',9,'03.03.14',4,'03.12.14'),(192,'24.06.15','Curaçao',1,'03.10.15','М',1,'20.08.14',10,'12.10.15'),(193,'21.10.15','Monaco',9,'13.06.14','М',6,'03.10.15',9,'04.01.16'),(194,'07.08.15','Congo (Brazzaville)',3,'30.05.14','Ж',4,'18.11.15',3,'19.06.14'),(195,'07.05.14','Tonga',3,'09.05.14','Ж',2,'22.02.16',2,'06.06.15'),(196,'10.08.14','Monaco',4,'09.03.15','М',1,'13.05.14',9,'13.06.14'),(197,'17.12.15','Bulgaria',5,'15.04.15','М',4,'02.02.16',6,'30.09.15'),(198,'02.01.16','Samoa',3,'07.08.15','М',2,'29.09.15',7,'04.12.14'),(199,'24.11.14','Congo, the Democratic Republic of the',9,'30.07.14','Ж',3,'11.12.15',5,'02.04.15'),(200,'26.12.15','Algeria',7,'28.05.14','М',4,'25.11.15',6,'15.05.14');

/*******************************
		информация об образовании
*******************************/
INSERT INTO `interstudents`.`education_info`
(`education_info_id`,
`incoming_date`,
`graduated_date`,
`dismis_date`,
`order_number`,
`study_form`,
`study_type`,
`reason_dismis`,
`income_type`,
`inviting_part`,
`invite_date`,
`incoming_rb_date`)
VALUES
/*`id`,`incoming_date`,`graduated_date`,`dismis_date`,`order_number`,`study_form`,`study_type`,`reason_dismis`,`income_type`,`inviting_part`,`invite_date`,`incoming_rb_date`*/
(1,'10.09.14','02.09.14','22.04.14',8251619,'Дневная','Бюджет','Отчисление','Приглашение','МГУ','14.06.15','11.07.15'),(2,'27.05.15','31.01.16','19.05.14',4715690,'Дневная','Бюджет','Отчисление','Приглашение','Универ','30.01.16','31.01.15'),(3,'21.04.14','17.03.14','17.03.14',3779606,'Заочная','Бюджет','Отчисление','Приглашение','Универ','02.10.15','06.10.14'),(4,'17.12.15','18.10.14','17.06.15',6801062,'Заочная','Бюджет','Окончание','Приглашение','Универ','28.02.16','31.01.16'),(5,'08.09.15','22.08.14','15.12.14',3476347,'Дневная','Платно','Окончание','Перевод','МГУ','04.03.14','05.07.14'),(6,'25.05.15','16.10.14','10.07.15',3519245,'Заочная','Платно','Окончание','Приглашение','МГУ','09.06.14','03.09.15'),(7,'06.01.15','01.04.14','21.11.15',1895099,'Дневная','Бюджет','Отчисление','Приглашение','Универ','07.03.14','13.09.15'),(8,'22.08.15','05.03.14','26.12.14',1334177,'Заочная','Платно','Отчисление','Приглашение','Универ','11.02.15','01.01.16'),(9,'08.02.15','17.04.15','05.10.14',3232881,'Заочная','Платно','Отчисление','Перевод','Универ','11.08.14','08.12.15'),(10,'24.01.16','07.02.16','20.02.16',2295918,'Дневная','Платно','Отчисление','Приглашение','Универ','24.08.15','25.05.14'),(11,'25.04.15','25.03.15','01.11.15',6254497,'Заочная','Бюджет','Отчисление','Перевод','Универ','23.12.15','11.06.15'),(12,'31.12.15','18.08.14','11.09.14',9046501,'Дневная','Бюджет','Окончание','Перевод','Универ','02.04.15','27.10.15'),(13,'04.06.14','17.02.16','07.05.14',642162,'Заочная','Бюджет','Окончание','Приглашение','Универ','19.05.14','30.09.14'),(14,'12.04.15','11.10.15','29.05.15',3223755,'Дневная','Бюджет','Отчисление','Перевод','Универ','21.06.15','07.10.14'),(15,'30.07.15','19.12.14','29.09.15',3391717,'Дневная','Бюджет','Отчисление','Приглашение','Универ','01.11.14','13.03.15'),(16,'02.04.15','25.03.14','30.06.14',2381063,'Дневная','Бюджет','Отчисление','Перевод','МГУ','25.08.14','10.03.15'),(17,'26.05.14','03.12.15','01.10.14',523893,'Дневная','Бюджет','Окончание','Приглашение','Универ','27.12.15','17.10.15'),(18,'20.09.14','10.01.16','03.05.15',6957218,'Дневная','Бюджет','Отчисление','Приглашение','Универ','14.07.15','28.11.15'),(19,'09.09.15','27.02.15','25.06.14',1536000,'Заочная','Бюджет','Отчисление','Приглашение','Универ','30.03.15','15.01.15'),(20,'08.08.14','26.08.14','16.01.15',2228733,'Заочная','Платно','Отчисление','Перевод','Универ','28.10.15','02.02.15'),(21,'27.05.14','14.02.16','03.11.15',278011,'Заочная','Платно','Окончание','Перевод','Универ','23.12.15','11.04.14'),(22,'27.12.14','28.03.14','21.02.15',8349353,'Заочная','Бюджет','Окончание','Приглашение','Универ','29.07.14','29.01.16'),(23,'20.02.15','27.05.14','16.07.15',7825156,'Дневная','Бюджет','Окончание','Приглашение','МГУ','25.05.14','04.01.15'),(24,'16.02.16','23.06.15','26.12.14',3391070,'Заочная','Бюджет','Отчисление','Приглашение','МГУ','19.01.16','31.03.14'),(25,'07.07.14','21.01.16','11.03.14',4967935,'Дневная','Платно','Окончание','Перевод','Универ','05.11.14','04.02.15'),(26,'22.01.15','06.06.14','15.04.14',6814475,'Дневная','Платно','Отчисление','Перевод','Универ','29.03.14','14.12.15'),(27,'29.08.15','04.07.14','14.06.15',9707013,'Дневная','Бюджет','Отчисление','Перевод','Универ','29.05.14','14.06.14'),(28,'12.04.15','08.04.15','20.05.15',6010881,'Дневная','Платно','Окончание','Перевод','Универ','11.01.15','26.09.15'),(29,'25.08.14','04.11.14','24.03.15',3876561,'Заочная','Бюджет','Окончание','Перевод','Универ','05.07.15','18.10.15'),(30,'20.12.14','27.06.14','21.09.15',4874971,'Дневная','Платно','Окончание','Приглашение','МГУ','31.01.15','21.05.14'),(31,'09.05.15','20.03.15','02.06.15',7475875,'Дневная','Платно','Окончание','Приглашение','Универ','30.09.15','06.04.14'),(32,'07.06.15','27.07.14','13.04.14',629565,'Дневная','Платно','Окончание','Приглашение','Универ','10.09.14','17.04.14'),(33,'21.01.16','16.03.15','10.03.14',1414491,'Дневная','Бюджет','Окончание','Приглашение','Универ','18.02.15','08.02.16'),(34,'08.01.15','08.08.15','10.08.15',4766310,'Дневная','Платно','Отчисление','Перевод','МГУ','11.09.14','22.02.15'),(35,'24.08.15','03.10.14','01.11.15',3690733,'Заочная','Платно','Окончание','Приглашение','МГУ','01.07.14','25.04.14'),(36,'05.01.15','25.06.15','08.07.14',8058190,'Дневная','Бюджет','Отчисление','Перевод','МГУ','28.06.14','11.10.15'),(37,'13.08.15','27.01.16','03.09.14',6645678,'Заочная','Бюджет','Отчисление','Приглашение','МГУ','27.07.15','10.02.15'),(38,'25.01.16','06.06.15','27.06.15',5648670,'Заочная','Бюджет','Отчисление','Приглашение','Универ','29.09.14','31.05.14'),(39,'29.12.15','22.11.14','13.12.14',8393029,'Заочная','Платно','Окончание','Перевод','Универ','09.06.15','26.05.15'),(40,'06.04.15','26.02.16','24.02.16',5421713,'Дневная','Платно','Окончание','Перевод','МГУ','06.03.14','21.01.15'),(41,'26.07.15','25.12.15','25.05.15',3013728,'Дневная','Бюджет','Окончание','Приглашение','Универ','19.03.14','04.11.15'),(42,'09.01.15','27.03.15','05.11.14',1953616,'Дневная','Бюджет','Отчисление','Приглашение','Универ','03.10.15','25.06.15'),(43,'12.01.16','10.07.14','02.11.15',3898111,'Заочная','Бюджет','Отчисление','Приглашение','Универ','12.05.14','30.03.14'),(44,'27.11.15','18.01.15','27.06.14',3007401,'Заочная','Платно','Окончание','Приглашение','МГУ','03.03.15','08.11.15'),(45,'29.06.14','06.09.15','09.05.14',4150068,'Дневная','Платно','Окончание','Приглашение','МГУ','07.04.15','06.10.15'),(46,'30.12.15','25.08.14','26.04.14',9602859,'Заочная','Бюджет','Отчисление','Приглашение','МГУ','14.09.15','28.10.14'),(47,'18.10.14','04.10.15','16.01.16',642265,'Дневная','Платно','Окончание','Перевод','Универ','18.03.15','22.11.15'),(48,'13.08.15','17.02.15','25.09.15',278457,'Дневная','Бюджет','Отчисление','Приглашение','МГУ','02.07.14','18.12.15'),(49,'15.11.14','24.12.14','08.03.14',6472386,'Заочная','Бюджет','Окончание','Перевод','Универ','02.01.16','05.12.14'),(50,'29.04.15','02.09.15','20.07.15',3554641,'Дневная','Платно','Окончание','Перевод','МГУ','08.11.15','04.02.15'),(51,'28.12.15','08.07.15','25.11.14',5907496,'Заочная','Бюджет','Окончание','Приглашение','Универ','11.12.14','07.03.15'),(52,'07.04.14','31.03.14','28.10.14',1457379,'Дневная','Бюджет','Отчисление','Перевод','Универ','28.04.15','19.05.14'),(53,'22.11.15','25.05.14','09.04.14',9447195,'Дневная','Платно','Отчисление','Приглашение','МГУ','17.01.16','03.07.14'),(54,'30.09.15','02.03.16','26.03.14',9492216,'Заочная','Бюджет','Отчисление','Приглашение','МГУ','05.03.15','08.08.15'),(55,'07.09.15','25.04.15','25.06.15',4614021,'Заочная','Платно','Окончание','Приглашение','Универ','19.01.16','14.03.15'),(56,'24.12.15','11.05.15','09.11.15',2177772,'Дневная','Бюджет','Отчисление','Перевод','Универ','11.11.14','24.01.16'),(57,'12.03.14','21.12.15','23.10.14',8443975,'Заочная','Платно','Окончание','Перевод','МГУ','31.12.14','14.11.14'),(58,'06.07.15','19.09.14','28.04.15',8763252,'Заочная','Бюджет','Отчисление','Приглашение','МГУ','29.04.15','19.04.15'),(59,'04.09.14','27.08.14','03.04.14',7380900,'Дневная','Бюджет','Окончание','Перевод','МГУ','15.04.14','21.06.14'),(60,'09.06.15','19.07.14','23.04.15',8689897,'Заочная','Платно','Окончание','Перевод','МГУ','15.06.14','15.06.14'),(61,'01.01.15','22.12.14','20.05.14',5359071,'Дневная','Бюджет','Отчисление','Приглашение','МГУ','13.07.15','01.02.15'),(62,'15.03.15','31.05.15','29.02.16',6299405,'Заочная','Бюджет','Отчисление','Перевод','Универ','21.01.16','04.10.15'),(63,'25.06.14','01.04.15','06.11.15',9767230,'Дневная','Платно','Окончание','Перевод','МГУ','23.07.15','15.07.15'),(64,'15.04.14','09.12.15','31.05.14',7020664,'Заочная','Платно','Окончание','Перевод','МГУ','18.01.15','11.03.15'),(65,'03.04.14','30.11.14','12.04.15',1022013,'Дневная','Бюджет','Отчисление','Приглашение','Универ','30.11.14','27.03.14'),(66,'06.02.15','01.10.14','15.02.15',3596958,'Заочная','Бюджет','Окончание','Перевод','МГУ','26.12.14','25.02.16'),(67,'27.07.14','17.12.14','24.02.15',6708336,'Заочная','Бюджет','Отчисление','Приглашение','МГУ','07.12.14','27.09.15'),(68,'02.01.15','26.03.15','08.06.15',8488823,'Заочная','Платно','Окончание','Перевод','МГУ','30.06.14','03.02.15'),(69,'24.02.15','09.08.15','26.08.15',5273848,'Дневная','Бюджет','Окончание','Перевод','Универ','16.05.14','13.01.15'),(70,'29.10.14','14.06.15','07.12.15',3033474,'Дневная','Платно','Окончание','Приглашение','МГУ','14.11.14','24.03.14'),(71,'25.10.14','03.01.16','15.12.15',6227810,'Заочная','Бюджет','Окончание','Перевод','МГУ','13.09.15','03.07.14'),(72,'07.04.14','30.07.15','10.08.14',293676,'Дневная','Платно','Окончание','Приглашение','МГУ','04.09.14','16.12.15'),(73,'12.04.15','15.04.15','28.07.14',6806119,'Заочная','Платно','Отчисление','Перевод','МГУ','16.09.14','21.08.15'),(74,'11.08.15','04.06.15','21.03.15',231780,'Заочная','Платно','Окончание','Приглашение','Универ','30.06.15','30.04.15'),(75,'03.03.14','19.06.14','12.02.15',5177883,'Заочная','Бюджет','Окончание','Приглашение','Универ','21.03.15','15.12.14'),(76,'06.01.16','04.08.14','24.07.14',8410605,'Заочная','Платно','Отчисление','Приглашение','МГУ','25.02.16','09.06.14'),(77,'05.12.15','20.02.15','30.01.16',6201900,'Заочная','Бюджет','Отчисление','Приглашение','Универ','26.03.14','10.11.14'),(78,'23.06.15','23.06.15','11.05.15',8841019,'Заочная','Платно','Окончание','Перевод','МГУ','18.09.14','02.11.14'),(79,'27.12.14','18.06.15','12.10.14',6765693,'Заочная','Бюджет','Отчисление','Перевод','Универ','05.07.15','16.03.14'),(80,'11.07.14','05.11.14','20.03.14',3184640,'Дневная','Бюджет','Окончание','Перевод','МГУ','21.09.15','01.02.15'),(81,'07.03.14','21.04.14','02.06.14',266416,'Дневная','Бюджет','Отчисление','Перевод','МГУ','15.02.16','09.07.15'),(82,'01.09.15','21.10.14','17.03.14',2929555,'Заочная','Бюджет','Отчисление','Перевод','МГУ','10.10.15','19.06.14'),(83,'21.05.14','14.08.14','08.06.14',6420589,'Заочная','Бюджет','Окончание','Перевод','МГУ','30.09.15','16.05.14'),(84,'03.03.15','14.05.15','19.11.15',7912501,'Заочная','Платно','Отчисление','Перевод','МГУ','28.02.15','31.05.14'),(85,'02.06.15','22.11.15','21.08.14',1806616,'Заочная','Бюджет','Отчисление','Приглашение','Универ','31.01.16','26.06.15'),(86,'25.12.14','17.06.14','07.04.15',70014,'Дневная','Бюджет','Отчисление','Приглашение','МГУ','06.09.15','26.12.15'),(87,'22.12.15','09.12.14','08.11.15',9652508,'Дневная','Бюджет','Отчисление','Перевод','МГУ','16.03.14','18.08.14'),(88,'05.09.15','20.01.16','05.02.15',8900421,'Заочная','Бюджет','Окончание','Перевод','МГУ','20.07.14','19.04.14'),(89,'16.02.16','16.12.15','08.11.15',3632343,'Заочная','Платно','Отчисление','Приглашение','МГУ','20.06.14','23.08.15'),(90,'23.04.14','27.04.15','18.12.15',3903348,'Дневная','Платно','Окончание','Приглашение','МГУ','24.02.16','23.07.14'),(91,'17.09.14','23.06.15','28.01.15',9371969,'Дневная','Бюджет','Окончание','Перевод','Универ','26.10.14','28.03.15'),(92,'24.08.15','12.02.16','18.01.15',3925666,'Заочная','Бюджет','Окончание','Приглашение','Универ','06.09.14','06.10.15'),(93,'04.09.15','26.03.15','29.10.14',2054528,'Дневная','Платно','Отчисление','Перевод','Универ','28.09.15','11.09.15'),(94,'08.06.14','27.07.15','04.06.15',5784849,'Дневная','Бюджет','Отчисление','Приглашение','Универ','20.10.15','27.01.16'),(95,'13.03.14','21.02.15','24.01.16',5913904,'Дневная','Платно','Окончание','Приглашение','МГУ','06.06.14','27.11.14'),(96,'29.09.14','13.01.15','13.08.15',6822872,'Заочная','Бюджет','Окончание','Приглашение','МГУ','28.11.15','25.03.14'),(97,'15.12.14','25.12.15','18.05.14',679120,'Дневная','Платно','Отчисление','Приглашение','Универ','19.06.15','05.08.14'),(98,'15.04.14','29.08.15','21.01.16',3412036,'Дневная','Бюджет','Окончание','Приглашение','Универ','17.11.15','15.07.15'),(99,'24.02.15','23.07.15','27.03.15',5711330,'Заочная','Бюджет','Окончание','Приглашение','МГУ','25.04.15','05.11.15'),(100,'15.08.15','06.04.14','26.07.14',4686902,'Дневная','Бюджет','Отчисление','Приглашение','Универ','17.09.15','07.04.14'),(101,'04.01.15','13.05.14','14.05.15',6597967,'Заочная','Платно','Отчисление','Приглашение','МГУ','15.01.15','07.11.14'),(102,'10.10.15','04.11.15','30.01.16',5595443,'Заочная','Платно','Отчисление','Приглашение','МГУ','02.12.15','13.04.14'),(103,'01.03.15','04.03.15','05.03.14',7562254,'Дневная','Платно','Окончание','Перевод','МГУ','25.01.16','12.10.15'),(104,'08.11.14','07.12.15','28.10.14',9948718,'Заочная','Бюджет','Отчисление','Перевод','Универ','08.07.15','18.06.14'),(105,'17.08.15','11.05.14','19.11.14',224820,'Дневная','Бюджет','Окончание','Перевод','Универ','12.12.15','19.10.15'),(106,'07.11.15','13.09.15','03.02.15',1839908,'Заочная','Платно','Отчисление','Приглашение','МГУ','12.03.14','18.03.15'),(107,'26.03.14','26.05.15','21.02.15',821372,'Заочная','Платно','Отчисление','Перевод','МГУ','17.01.15','03.01.15'),(108,'30.03.15','24.08.15','11.06.14',524301,'Дневная','Платно','Отчисление','Перевод','МГУ','13.04.15','06.05.14'),(109,'22.09.14','02.07.14','20.03.14',8972313,'Дневная','Платно','Окончание','Перевод','МГУ','23.06.14','07.12.14'),(110,'31.05.15','09.12.14','06.09.15',5386239,'Дневная','Платно','Отчисление','Перевод','МГУ','12.11.15','01.08.14'),(111,'01.12.14','23.02.15','24.01.16',9082933,'Заочная','Платно','Окончание','Приглашение','МГУ','30.03.14','11.05.15'),(112,'17.11.14','23.11.14','16.02.16',3867532,'Дневная','Платно','Отчисление','Приглашение','МГУ','18.04.15','18.03.14'),(113,'07.01.16','07.02.15','24.10.15',2565626,'Заочная','Бюджет','Отчисление','Приглашение','Универ','02.06.14','23.04.15'),(114,'06.03.14','12.05.15','14.06.15',6914827,'Дневная','Платно','Окончание','Перевод','Универ','17.05.14','08.05.14'),(115,'27.03.14','26.04.15','18.04.14',4591446,'Заочная','Платно','Отчисление','Приглашение','МГУ','22.09.15','09.11.15'),(116,'24.02.15','03.09.14','02.01.15',5482353,'Дневная','Платно','Окончание','Приглашение','Универ','29.12.14','18.10.14'),(117,'12.03.14','30.10.14','28.02.15',3505775,'Дневная','Платно','Отчисление','Приглашение','МГУ','29.01.15','25.01.15'),(118,'07.01.16','28.10.15','20.09.14',605623,'Заочная','Бюджет','Окончание','Перевод','МГУ','03.12.15','18.08.15'),(119,'19.06.15','01.04.14','18.12.15',3624612,'Заочная','Платно','Окончание','Перевод','Универ','21.05.15','09.08.14'),(120,'01.07.15','08.09.15','22.12.15',8172621,'Заочная','Бюджет','Окончание','Перевод','МГУ','26.03.15','03.02.16'),(121,'01.05.14','13.02.16','15.04.15',5036120,'Дневная','Бюджет','Окончание','Перевод','МГУ','07.06.14','10.04.14'),(122,'06.09.14','25.01.15','30.12.15',4571576,'Дневная','Платно','Отчисление','Перевод','МГУ','08.11.15','16.05.15'),(123,'11.07.14','21.01.16','21.09.15',1968920,'Заочная','Платно','Окончание','Приглашение','МГУ','14.10.14','05.03.14'),(124,'15.03.14','25.02.16','22.05.14',2251266,'Заочная','Платно','Отчисление','Перевод','МГУ','14.02.16','26.03.14'),(125,'07.12.14','28.03.15','15.05.14',7222204,'Заочная','Бюджет','Отчисление','Приглашение','Универ','17.02.15','28.07.15'),(126,'12.06.15','23.09.15','17.05.14',6879222,'Заочная','Бюджет','Отчисление','Приглашение','Универ','27.04.14','19.12.14'),(127,'21.04.14','05.06.14','19.12.15',7776713,'Дневная','Платно','Отчисление','Перевод','Универ','11.02.15','01.01.16'),(128,'05.02.15','29.05.15','08.05.14',4015982,'Дневная','Платно','Отчисление','Перевод','МГУ','09.08.15','02.04.14'),(129,'07.01.16','04.08.15','04.07.15',1460033,'Дневная','Платно','Отчисление','Перевод','МГУ','10.01.16','28.01.16'),(130,'20.01.15','06.08.14','18.08.14',2621720,'Дневная','Платно','Окончание','Приглашение','Универ','05.05.14','02.08.14'),(131,'30.10.14','02.06.14','14.12.14',3562345,'Дневная','Бюджет','Отчисление','Перевод','МГУ','02.12.15','24.12.14'),(132,'28.01.16','04.08.14','24.09.14',2243376,'Дневная','Бюджет','Отчисление','Перевод','МГУ','29.09.15','27.06.14'),(133,'23.08.14','02.09.15','18.02.16',2452799,'Дневная','Платно','Окончание','Перевод','Универ','29.01.16','11.10.15'),(134,'17.11.14','24.02.15','09.09.15',769857,'Дневная','Платно','Отчисление','Приглашение','МГУ','09.12.15','07.05.14'),(135,'21.08.14','23.12.14','18.08.15',9769639,'Заочная','Бюджет','Отчисление','Приглашение','Универ','08.09.14','11.08.15'),(136,'13.09.15','15.06.14','23.02.16',2463424,'Заочная','Платно','Окончание','Перевод','Универ','23.06.14','26.02.16'),(137,'30.11.15','20.12.14','29.07.14',7957840,'Заочная','Платно','Отчисление','Приглашение','МГУ','12.11.14','28.05.15'),(138,'02.11.14','30.06.14','13.03.14',7079845,'Дневная','Платно','Отчисление','Приглашение','МГУ','24.08.15','13.08.15'),(139,'09.08.15','06.09.15','17.05.14',9317142,'Дневная','Бюджет','Отчисление','Перевод','МГУ','31.12.14','31.12.14'),(140,'23.04.15','20.12.15','13.12.14',5055576,'Заочная','Бюджет','Окончание','Приглашение','МГУ','01.07.15','08.05.15'),(141,'08.01.15','09.03.15','15.03.15',1466550,'Дневная','Платно','Отчисление','Приглашение','Универ','28.05.15','30.07.14'),(142,'28.02.16','14.10.14','20.01.15',2877407,'Дневная','Бюджет','Отчисление','Приглашение','Универ','15.03.15','06.10.14'),(143,'19.04.14','12.12.15','29.06.15',5788608,'Дневная','Бюджет','Отчисление','Перевод','Универ','03.01.15','17.07.15'),(144,'22.11.14','21.11.14','25.07.15',3892041,'Заочная','Платно','Отчисление','Приглашение','МГУ','18.03.15','23.05.14'),(145,'31.08.14','05.05.15','12.01.16',542181,'Заочная','Бюджет','Отчисление','Приглашение','Универ','28.06.14','07.01.16'),(146,'24.06.14','17.04.14','27.02.16',7856222,'Заочная','Платно','Окончание','Перевод','МГУ','13.02.16','27.06.15'),(147,'17.02.15','31.01.15','22.12.15',3969600,'Дневная','Платно','Окончание','Приглашение','Универ','05.10.14','03.07.14'),(148,'09.02.16','19.05.15','22.01.16',2076624,'Дневная','Бюджет','Окончание','Приглашение','МГУ','22.04.14','08.09.14'),(149,'03.12.15','08.02.15','28.04.15',8860400,'Заочная','Платно','Окончание','Перевод','Универ','15.09.14','15.07.14'),(150,'11.10.15','09.07.15','17.04.15',3155025,'Заочная','Платно','Отчисление','Приглашение','МГУ','03.08.14','26.09.14'),(151,'01.07.15','09.12.15','08.11.15',5885299,'Заочная','Платно','Отчисление','Приглашение','МГУ','13.05.15','04.07.14'),(152,'11.05.14','12.10.15','13.11.15',9093256,'Заочная','Бюджет','Окончание','Приглашение','МГУ','20.10.14','28.05.15'),(153,'21.08.14','25.11.14','21.08.14',6676385,'Дневная','Бюджет','Окончание','Приглашение','МГУ','21.06.14','17.07.15'),(154,'03.01.15','15.09.15','05.06.15',2590811,'Дневная','Платно','Отчисление','Перевод','МГУ','15.05.15','01.03.15'),(155,'09.11.14','05.11.15','07.04.14',9355765,'Заочная','Платно','Отчисление','Приглашение','МГУ','26.01.15','07.08.14'),(156,'09.07.14','13.08.14','18.02.16',3151834,'Заочная','Бюджет','Окончание','Перевод','Универ','15.04.15','28.11.15'),(157,'24.09.14','01.07.14','08.04.14',7293639,'Заочная','Платно','Отчисление','Перевод','МГУ','24.01.16','31.12.15'),(158,'27.02.15','19.03.14','28.02.15',3873470,'Заочная','Бюджет','Окончание','Приглашение','МГУ','29.01.16','06.12.14'),(159,'17.10.15','21.09.14','06.07.15',2142674,'Заочная','Платно','Отчисление','Приглашение','Универ','30.06.15','17.09.14'),(160,'30.09.15','09.07.14','03.07.15',2116687,'Заочная','Бюджет','Окончание','Перевод','Универ','09.10.14','09.06.15'),(161,'05.01.16','01.12.14','12.07.15',6257233,'Заочная','Бюджет','Отчисление','Перевод','МГУ','20.04.14','22.11.14'),(162,'23.09.14','19.03.15','10.04.14',8078974,'Заочная','Платно','Окончание','Приглашение','Универ','07.02.16','09.03.14'),(163,'26.04.15','07.10.15','23.07.15',2473586,'Дневная','Бюджет','Отчисление','Перевод','МГУ','01.12.15','03.02.15'),(164,'03.06.14','24.10.14','11.01.16',599230,'Заочная','Бюджет','Отчисление','Перевод','МГУ','22.03.15','15.07.14'),(165,'04.01.15','22.01.15','27.03.14',1901752,'Заочная','Платно','Окончание','Перевод','Универ','11.08.14','20.07.14'),(166,'12.02.15','15.06.15','13.08.15',1581706,'Заочная','Бюджет','Отчисление','Перевод','Универ','13.03.14','10.05.14'),(167,'21.08.14','06.04.15','08.11.15',8049917,'Заочная','Бюджет','Отчисление','Перевод','Универ','17.12.15','15.01.15'),(168,'22.05.15','05.06.15','19.03.14',3144554,'Дневная','Платно','Окончание','Приглашение','Универ','10.12.15','21.04.15'),(169,'02.06.14','08.05.14','20.04.15',4048268,'Дневная','Платно','Отчисление','Приглашение','Универ','29.10.14','24.04.14'),(170,'15.06.14','05.05.15','25.08.15',2899731,'Дневная','Бюджет','Отчисление','Приглашение','МГУ','14.09.15','21.06.14'),(171,'29.08.15','29.12.14','14.05.15',8192092,'Дневная','Бюджет','Окончание','Приглашение','Универ','28.07.14','11.07.15'),(172,'27.03.15','16.03.15','05.10.15',3063523,'Заочная','Бюджет','Окончание','Приглашение','МГУ','16.12.14','29.09.15'),(173,'14.09.14','21.07.14','24.05.15',739096,'Заочная','Платно','Окончание','Приглашение','МГУ','02.09.14','19.10.14'),(174,'14.07.15','05.11.15','02.01.15',8065870,'Дневная','Бюджет','Окончание','Перевод','МГУ','17.05.14','22.01.16'),(175,'27.11.15','05.05.15','11.06.15',2769632,'Заочная','Платно','Отчисление','Приглашение','Универ','08.06.15','18.08.15'),(176,'26.06.14','03.06.14','18.12.15',314395,'Дневная','Бюджет','Отчисление','Перевод','МГУ','10.10.14','24.08.15'),(177,'28.11.15','15.12.14','19.07.15',5310207,'Дневная','Платно','Окончание','Перевод','МГУ','21.02.15','16.01.15'),(178,'26.04.15','13.03.15','05.04.14',3583522,'Дневная','Платно','Окончание','Перевод','МГУ','24.08.15','06.02.16'),(179,'23.12.15','03.12.15','23.11.14',8007658,'Заочная','Бюджет','Окончание','Перевод','МГУ','08.10.14','26.01.16'),(180,'14.10.14','13.05.15','06.08.15',3150284,'Дневная','Платно','Отчисление','Приглашение','МГУ','09.11.15','08.04.15'),(181,'10.04.14','05.12.14','06.06.14',5169500,'Заочная','Платно','Окончание','Перевод','Универ','16.03.15','26.04.15'),(182,'04.09.15','23.01.15','02.04.15',5615485,'Заочная','Платно','Отчисление','Перевод','Универ','23.07.15','24.07.14'),(183,'29.07.15','25.09.15','25.12.15',5109552,'Дневная','Бюджет','Отчисление','Приглашение','МГУ','29.05.14','11.06.14'),(184,'22.04.15','12.01.15','03.07.15',7942077,'Дневная','Бюджет','Отчисление','Приглашение','МГУ','07.08.14','10.12.15'),(185,'23.01.15','09.12.14','20.11.14',3388209,'Дневная','Платно','Отчисление','Перевод','Универ','26.09.15','08.08.14'),(186,'14.01.16','18.01.16','30.12.15',382944,'Заочная','Бюджет','Отчисление','Перевод','Универ','13.11.14','18.07.14'),(187,'24.10.15','21.04.14','26.11.15',9599157,'Заочная','Платно','Отчисление','Перевод','Универ','01.04.15','28.08.14'),(188,'04.12.14','17.02.15','13.02.16',97306,'Дневная','Бюджет','Отчисление','Перевод','Универ','03.03.14','07.02.15'),(189,'06.03.14','03.11.14','17.10.14',3779178,'Заочная','Платно','Окончание','Перевод','МГУ','11.09.15','06.12.15'),(190,'30.04.14','06.02.15','19.09.15',5757075,'Заочная','Бюджет','Окончание','Перевод','Универ','26.02.16','20.04.14'),(191,'14.10.14','03.12.15','02.04.14',2280455,'Заочная','Бюджет','Отчисление','Перевод','МГУ','12.06.14','15.02.15'),(192,'29.09.14','22.08.14','07.03.15',9233306,'Заочная','Платно','Отчисление','Перевод','МГУ','22.07.14','09.04.15'),(193,'21.11.15','25.10.15','05.12.14',7947984,'Дневная','Платно','Отчисление','Перевод','МГУ','14.03.14','01.09.14'),(194,'21.12.14','23.12.15','24.08.14',6969930,'Заочная','Бюджет','Окончание','Перевод','МГУ','12.04.14','07.01.15'),(195,'23.06.14','10.11.14','22.10.15',4160525,'Дневная','Бюджет','Окончание','Перевод','Универ','16.12.14','08.03.14'),(196,'28.09.14','04.04.15','24.07.14',2511713,'Заочная','Бюджет','Окончание','Приглашение','Универ','13.10.15','20.12.15'),(197,'20.09.15','20.10.15','09.02.16',3634413,'Дневная','Бюджет','Окончание','Приглашение','Универ','08.04.15','19.04.15'),(198,'31.03.14','11.03.14','23.08.15',3270348,'Заочная','Платно','Окончание','Перевод','МГУ','22.02.16','28.12.15'),(199,'16.07.15','10.04.15','21.01.16',728707,'Дневная','Бюджет','Окончание','Перевод','МГУ','01.10.14','31.08.14'),(200,'03.10.15','09.06.14','14.06.15',6260323,'Дневная','Бюджет','Окончание','Приглашение','Универ','01.05.14','20.03.15');

/*******************************
		Студенты
*******************************/
INSERT INTO `interstudents`.`student`
(`student_id`,
`group_id`,
`country_id`,
`personal_info_id`,
`education_info_id`,
`hostel_id`,
`course`,
`fio`,
`fio_latin`,
`registration_address`,
`registration_end_date`,
`graduated`,
`receipt_date`,
`vacation`,
`vacation_start_date`,
`vacation_end_date`,
`line`)
VALUES
/*`student_id`,`group_id`,`country_id`,`personal_info_id`,`education_info_id`,`hostel_id`,`course`,                             `fio`,                      `fio_latin`,`registration_address`,`registration_end_date`,     `graduated`,`receipt_date`,`vacation`,`vacation_start_date`,`vacation_end_date`,`line`*/
(1,'28','5',1,1,'1','III','Denton','Maisie','Ap #448-7770 Sollicitudin Rd.','03.08.15','Курсы','21.05.14',true,'25.12.15','30.08.15','иная'),(2,'20','4',2,2,'3','II','Ethan','Olympia','Ap #772-8095 Proin Av.','14.05.15','Курсы','17.10.15',true,'26.08.15','31.07.15','иная'),(3,'37','1',3,3,'2','III','Thor','Zelda','P.O. Box 917, 3810 Sem Rd.','05.08.15','Средряя школа','18.06.15',false,'05.08.14','01.05.14','Гос'),(4,'38','3',4,4,'5','IV','Zephania','Daryl','Ap #533-715 Feugiat Rd.','12.08.15','Курсы','17.08.15',true,'22.09.14','04.12.15','иная'),(5,'39','4',5,5,'1','V','Randall','Tashya','994 At Rd.','01.01.16','Курсы','17.07.14',false,'28.07.15','11.01.16','Гос'),(6,'34','1',6,6,'2','III','Cullen','Yoko','Ap #881-3244 Aliquet, Street','08.01.15','Средряя школа','08.07.14',true,'08.03.14','31.01.15','обл'),(7,'32','3',7,7,'4','IV','Cyrus','Shaine','8130 Auctor Street','06.10.14','Курсы','01.08.15',true,'01.12.14','20.03.15','Гос'),(8,'11','1',8,8,'2','III','Carl','Neve','P.O. Box 562, 9417 Orci. Av.','13.05.15','Курсы','28.06.15',true,'03.08.14','22.05.14','обл'),(9,'2','3',9,9,'3','II','Mohammad','Kylie','1157 Interdum. St.','19.04.14','Лицей','06.07.15',false,'04.09.14','04.12.14','Гос'),(10,'27','2',10,10,'1','II','Knox','Kitra','5894 Mauris Rd.','03.02.15','Лицей','03.03.14',true,'01.08.14','13.07.15','обл'),(11,'5','3',11,11,'1','I','Louis','Beverly','185 Arcu. Avenue','15.06.14','Курсы','31.01.16',true,'12.03.15','15.11.14','иная'),(12,'18','6',12,12,'5','II','Xavier','Chantale','Ap #374-4588 Lorem Av.','02.01.15','Курсы','11.06.14',true,'09.04.15','23.08.14','обл'),(13,'36','5',13,13,'2','II','Bruno','Cheyenne','377-3116 Auctor Rd.','23.12.15','Лицей','22.09.14',false,'28.02.16','30.10.14','Гос'),(14,'26','2',14,14,'3','IV','Mohammad','Sharon','621 Hendrerit Rd.','17.05.14','Лицей','04.10.14',true,'05.06.14','06.10.15','Гос'),(15,'18','5',15,15,'3','IV','Quinn','Ashely','P.O. Box 133, 4871 Nunc Rd.','30.06.14','Средряя школа','01.05.15',true,'16.03.14','24.05.14','иная'),(16,'6','4',16,16,'5','V','Herman','Diana','982-2757 Donec Rd.','19.04.15','Средряя школа','28.10.15',true,'24.03.14','19.07.15','обл'),(17,'23','5',17,17,'3','IV','Clayton','Cynthia','648-5227 Accumsan Avenue','23.08.14','Курсы','27.12.15',true,'17.09.15','22.09.15','иная'),(18,'26','4',18,18,'5','I','Kasper','Melodie','849-4126 Hendrerit St.','19.07.15','Средряя школа','12.11.15',true,'07.03.15','07.10.15','иная'),(19,'32','1',19,19,'5','V','Cody','Lael','344 Vehicula Av.','08.11.15','Лицей','06.11.14',false,'23.07.15','24.06.14','иная'),(20,'18','3',20,20,'4','V','Orlando','Blossom','8518 Neque St.','06.01.16','Лицей','01.11.15',false,'16.06.15','09.04.14','обл'),(21,'15','4',21,21,'5','I','Wesley','Isabella','6955 Nulla. Avenue','30.05.15','Курсы','17.07.14',true,'20.11.15','29.05.14','обл'),(22,'14','6',22,22,'1','II','Harlan','Whitney','Ap #886-2116 Dolor. St.','26.03.14','Лицей','24.04.15',false,'20.10.15','04.04.14','Гос'),(23,'31','1',23,23,'1','V','Uriah','Whoopi','6015 Nulla Road','30.04.15','Средряя школа','27.06.15',true,'13.09.14','04.02.16','Гос'),(24,'31','3',24,24,'3','I','Clark','Madeline','Ap #510-1303 Ut St.','17.08.15','Курсы','27.08.14',false,'09.09.15','11.12.14','иная'),(25,'16','3',25,25,'5','III','Blaze','Skyler','631-9188 Urna Road','22.06.14','Лицей','19.06.15',true,'29.07.15','15.09.14','обл'),(26,'9','4',26,26,'3','III','Wesley','Casey','P.O. Box 533, 780 Commodo Road','15.08.14','Лицей','31.08.15',false,'07.09.14','16.11.14','Гос'),(27,'15','6',27,27,'2','III','Amir','Shaeleigh','Ap #817-5041 Tristique Road','30.08.15','Лицей','14.05.14',false,'27.02.15','24.01.16','обл'),(28,'17','5',28,28,'3','IV','Colorado','Dawn','Ap #700-6699 Non Avenue','09.11.15','Лицей','18.10.14',false,'10.10.15','14.09.15','Гос'),(29,'26','4',29,29,'1','IV','Hayden','Cheryl','615-6864 Odio St.','02.07.15','Средряя школа','21.10.15',true,'20.07.14','08.11.14','обл'),(30,'1','3',30,30,'2','II','Edan','Tatyana','426-8424 Velit. Road','16.08.14','Лицей','20.01.16',false,'07.12.15','03.01.15','иная'),(31,'32','1',31,31,'1','III','Howard','Kellie','975-2487 Non Av.','08.07.15','Лицей','04.10.14',true,'02.06.15','07.12.15','Гос'),(32,'18','5',32,32,'5','I','Gil','Stella','Ap #852-2463 Ultrices Road','12.11.14','Средряя школа','10.03.15',true,'07.04.15','29.07.14','обл'),(33,'32','3',33,33,'5','III','Jelani','Naida','199-9576 Et Road','05.07.14','Средряя школа','29.10.14',true,'11.09.15','22.12.14','Гос'),(34,'25','3',34,34,'4','I','Christopher','Willow','4881 Mus. Rd.','16.09.15','Курсы','02.10.14',true,'16.09.15','21.01.16','обл'),(35,'34','1',35,35,'5','V','Garth','Hannah','6837 Sem Av.','14.11.15','Лицей','15.11.14',true,'24.01.16','27.01.16','обл'),(36,'13','5',36,36,'3','I','Solomon','Charlotte','Ap #299-3741 Natoque Avenue','13.11.15','Лицей','28.02.15',true,'11.09.15','02.05.14','Гос'),(37,'8','3',37,37,'4','V','Graiden','Ariana','Ap #561-3401 Vitae, Av.','16.04.15','Лицей','08.02.15',false,'21.08.15','24.07.14','обл'),(38,'28','6',38,38,'4','I','Ferris','Hiroko','4086 Neque. Avenue','30.11.15','Лицей','20.07.15',true,'09.09.14','06.06.14','обл'),(39,'34','2',39,39,'2','I','Erasmus','Rose','853 Mauris Rd.','06.10.15','Лицей','14.02.16',true,'15.01.16','30.05.14','иная'),(40,'28','1',40,40,'2','V','Guy','Camille','395-6886 Mi. Street','11.11.15','Курсы','14.03.15',true,'17.07.14','02.10.14','обл'),(41,'18','3',41,41,'2','IV','Dylan','Ignacia','775-4701 Sodales Avenue','25.01.16','Лицей','01.09.14',true,'09.04.15','05.09.15','Гос'),(42,'5','2',42,42,'5','IV','Malachi','Reagan','7785 Tincidunt, Road','05.11.14','Лицей','21.04.15',true,'11.01.16','17.04.15','обл'),(43,'16','2',43,43,'3','I','Ivor','Urielle','884-6215 Dui Rd.','07.06.14','Средряя школа','06.06.14',false,'18.07.15','09.02.16','обл'),(44,'12','6',44,44,'5','III','John','Sybill','957-9162 Turpis Rd.','19.05.15','Средряя школа','13.12.14',false,'21.11.15','18.01.15','Гос'),(45,'6','4',45,45,'3','I','Salvador','Gwendolyn','684-1081 Non, St.','16.03.15','Лицей','01.05.14',true,'04.05.15','09.04.15','обл'),(46,'29','4',46,46,'2','II','Donovan','Cassandra','4155 Varius. Av.','01.05.14','Средряя школа','29.05.14',false,'01.07.15','04.01.16','Гос'),(47,'3','4',47,47,'5','III','Quamar','India','Ap #576-1747 Vestibulum Rd.','13.09.15','Лицей','25.03.15',false,'05.06.15','09.06.15','обл'),(48,'37','1',48,48,'4','III','Todd','Moana','162-5246 Fringilla Avenue','18.04.14','Лицей','30.08.15',false,'08.08.15','29.05.14','Гос'),(49,'27','2',49,49,'4','III','Lance','Ivana','4118 Conubia Avenue','03.11.15','Курсы','15.02.15',false,'14.11.14','03.01.16','Гос'),(50,'17','1',50,50,'2','II','Plato','Audrey','889-2708 Eu, Av.','25.11.14','Курсы','12.05.14',false,'16.01.15','28.08.14','Гос'),(51,'26','6',51,51,'2','II','Hall','Winifred','7851 Non Avenue','27.02.15','Средряя школа','09.06.15',false,'21.11.14','29.02.16','обл'),(52,'16','3',52,52,'4','I','Abraham','Ima','677-4619 Mauris Ave','14.02.15','Лицей','05.01.15',false,'05.10.14','13.08.15','обл'),(53,'16','5',53,53,'4','II','Christopher','Hillary','P.O. Box 989, 974 A, St.','31.07.14','Курсы','25.07.15',false,'29.09.14','05.01.15','обл'),(54,'39','3',54,54,'4','I','Vincent','Quail','792-6641 Nec Av.','07.02.16','Курсы','27.03.14',true,'21.06.14','23.05.15','иная'),(55,'27','3',55,55,'1','II','Colton','Paula','Ap #547-582 Nunc Rd.','26.03.14','Лицей','29.09.15',false,'03.06.15','13.07.14','иная'),(56,'20','3',56,56,'5','IV','Asher','Kaitlin','3494 Faucibus Rd.','24.11.14','Лицей','21.09.15',false,'05.04.14','26.11.15','обл'),(57,'3','5',57,57,'1','IV','Brennan','Orla','251-5125 Nunc Rd.','23.01.16','Средряя школа','09.03.14',false,'10.04.14','25.04.14','иная'),(58,'5','5',58,58,'5','V','Stewart','Cheryl','532-1031 Nulla Rd.','25.03.15','Курсы','01.10.15',false,'11.11.15','12.08.15','обл'),(59,'27','2',59,59,'2','IV','Hakeem','Daryl','541-2334 Faucibus Ave','26.03.14','Средряя школа','18.02.16',true,'15.10.14','06.04.14','обл'),(60,'1','5',60,60,'3','III','Colby','Kirestin','Ap #234-9594 Curabitur Road','03.05.14','Средряя школа','04.04.14',false,'31.01.15','11.08.14','Гос'),(61,'23','3',61,61,'2','II','Louis','Emerald','Ap #182-6611 Pede, St.','10.11.15','Курсы','04.04.15',false,'19.12.14','03.12.15','обл'),(62,'17','5',62,62,'3','I','Linus','Leila','Ap #682-2571 Ultrices. Street','02.04.14','Курсы','15.08.15',true,'26.01.15','10.04.14','Гос'),(63,'7','1',63,63,'5','I','Ross','Shana','P.O. Box 399, 6384 Diam. Ave','23.01.16','Курсы','02.08.14',true,'14.07.15','04.08.14','Гос'),(64,'7','3',64,64,'1','III','Basil','Chastity','P.O. Box 528, 4852 Ornare St.','25.12.15','Средряя школа','16.07.14',true,'26.11.15','08.02.16','Гос'),(65,'35','4',65,65,'5','V','Otto','Emily','301-7863 Elit Avenue','21.11.14','Лицей','31.12.15',true,'24.02.15','26.11.15','обл'),(66,'12','1',66,66,'5','III','Tanner','Dominique','807-9919 Consectetuer Avenue','25.10.14','Лицей','07.04.14',true,'03.02.15','15.03.14','иная'),(67,'10','4',67,67,'1','II','Austin','Rina','P.O. Box 586, 9001 Ut, Avenue','21.07.14','Курсы','13.07.15',false,'01.05.15','15.05.15','иная'),(68,'5','2',68,68,'3','I','Fletcher','Iona','P.O. Box 714, 2734 Neque Rd.','24.07.14','Средряя школа','09.04.14',false,'05.05.15','14.01.15','обл'),(69,'13','3',69,69,'2','II','Kelly','Nerea','581-7030 Urna. Rd.','14.06.14','Курсы','10.09.15',true,'09.10.15','02.11.15','иная'),(70,'2','1',70,70,'4','I','Brandon','Jescie','455-6370 Curabitur St.','18.09.15','Средряя школа','16.04.15',true,'20.04.14','29.09.15','иная'),(71,'18','6',71,71,'5','I','Plato','Gay','Ap #217-2735 Cras Rd.','01.10.14','Лицей','07.04.15',false,'16.05.14','17.04.14','Гос'),(72,'9','6',72,72,'1','V','Stephen','Rowan','P.O. Box 359, 9818 Sed Rd.','16.04.15','Курсы','05.08.14',true,'13.10.14','14.09.15','обл'),(73,'18','6',73,73,'5','I','Uriah','Gillian','2025 Ultrices Rd.','27.09.15','Курсы','11.09.14',false,'25.05.14','19.06.14','обл'),(74,'3','4',74,74,'2','I','Slade','Dai','5185 Et Avenue','25.04.14','Лицей','13.09.14',false,'16.11.15','02.06.14','Гос'),(75,'3','2',75,75,'2','V','Sebastian','Indira','Ap #404-7639 Dolor, Ave','20.03.14','Курсы','19.12.14',false,'06.05.15','22.05.14','Гос'),(76,'12','4',76,76,'2','III','Thor','Blaine','609-938 Nunc. St.','27.08.15','Лицей','05.07.14',true,'16.02.15','22.08.15','Гос'),(77,'38','4',77,77,'2','III','Benedict','Aileen','503-7897 Id, Rd.','19.09.14','Курсы','30.08.15',true,'11.09.14','03.05.15','иная'),(78,'25','3',78,78,'3','II','Eric','Emily','145-3924 Dolor. Av.','13.06.15','Курсы','06.04.14',false,'26.07.15','08.10.15','обл'),(79,'6','6',79,79,'5','V','Macaulay','Sybill','Ap #313-8348 Turpis Avenue','31.05.14','Лицей','10.10.14',true,'08.01.16','21.08.15','иная'),(80,'10','3',80,80,'4','V','Donovan','Rosalyn','P.O. Box 959, 1551 Risus. Rd.','28.06.14','Средряя школа','25.11.15',false,'27.09.14','22.03.15','обл'),(81,'29','6',81,81,'3','II','Ferris','Erica','Ap #381-9697 Magna. Avenue','17.10.14','Средряя школа','12.01.16',false,'18.03.15','09.04.15','Гос'),(82,'20','3',82,82,'3','I','Seth','Blythe','P.O. Box 483, 9032 Diam Rd.','17.08.14','Курсы','26.05.14',true,'20.12.14','31.01.16','иная'),(83,'23','5',83,83,'2','I','Tiger','Yvonne','Ap #511-1792 Diam. St.','26.09.15','Средряя школа','17.11.14',false,'02.10.15','24.03.14','Гос'),(84,'26','5',84,84,'3','I','Tyler','Jaden','P.O. Box 974, 6482 Dignissim St.','29.09.15','Лицей','22.03.14',false,'30.06.14','31.05.15','обл'),(85,'17','3',85,85,'2','III','Gage','Laura','104-687 Arcu St.','15.10.14','Лицей','17.10.14',true,'12.07.15','16.11.15','Гос'),(86,'27','4',86,86,'2','IV','Timon','Keelie','8862 Non, St.','24.01.15','Средряя школа','28.02.15',true,'15.04.15','03.09.14','обл'),(87,'29','4',87,87,'2','IV','Jamal','Joy','8714 Donec Av.','18.07.14','Курсы','14.08.14',false,'20.01.16','28.07.15','иная'),(88,'34','1',88,88,'3','V','Hashim','Nevada','4544 Sed St.','20.08.15','Курсы','02.11.14',false,'25.06.15','13.09.14','обл'),(89,'30','1',89,89,'4','III','Lyle','Delilah','Ap #508-4370 Mollis Street','01.08.14','Средряя школа','19.04.14',false,'27.07.14','19.03.15','Гос'),(90,'9','2',90,90,'3','V','Xander','Velma','P.O. Box 139, 4895 Donec Ave','26.09.15','Средряя школа','12.09.14',true,'27.11.15','07.03.15','иная'),(91,'1','2',91,91,'1','III','Connor','Michelle','P.O. Box 975, 5346 Rhoncus. Rd.','01.12.14','Курсы','15.02.16',true,'18.12.15','22.10.15','обл'),(92,'18','4',92,92,'5','I','Finn','Evelyn','Ap #490-9612 Nullam Rd.','26.05.15','Курсы','16.07.15',false,'19.08.15','31.12.15','обл'),(93,'35','6',93,93,'3','IV','Kareem','Tara','9036 Magna. Rd.','10.01.16','Средряя школа','11.02.16',true,'09.04.14','21.01.15','иная'),(94,'9','6',94,94,'5','II','Denton','Noelle','Ap #606-2238 Suspendisse Avenue','06.03.15','Курсы','06.08.14',false,'16.07.14','31.10.14','иная'),(95,'22','6',95,95,'1','II','Grant','Lunea','P.O. Box 645, 4621 Sit Av.','08.02.16','Лицей','15.09.14',false,'05.07.15','02.10.14','Гос'),(96,'23','1',96,96,'1','V','Kenyon','Aretha','6249 Libero. Rd.','10.11.15','Курсы','25.03.14',true,'13.10.14','09.04.15','обл'),(97,'28','2',97,97,'2','II','Chandler','Kalia','5487 Ornare Rd.','31.08.14','Лицей','20.08.14',false,'17.01.16','21.12.14','Гос'),(98,'12','5',98,98,'2','V','Michael','Hadley','1356 Nec St.','10.06.15','Средряя школа','26.10.14',true,'29.12.14','26.03.15','Гос'),(99,'36','6',99,99,'5','IV','Travis','Margaret','108-6040 Erat Rd.','23.03.14','Средряя школа','06.05.14',true,'28.05.15','24.05.14','иная'),(100,'20','4',100,100,'2','IV','Macaulay','Aphrodite','Ap #212-3492 Sed Road','04.12.14','Курсы','31.03.14',true,'10.12.15','25.04.15','Гос'),  (101,'20','6',101,101,'3','III','Jackson','Xena','P.O. Box 731, 5159 Sed St.','16.05.15','Лицей','14.12.15',false,'10.11.14','14.03.14','Гос'),(102,'15','1',102,102,'5','I','Erich','Lael','Ap #813-5101 At Ave','24.03.15','Лицей','06.08.14',false,'02.10.15','05.09.14','иная'),(103,'7','5',103,103,'1','II','Valentine','Sage','159-9056 Morbi Av.','13.08.15','Средряя школа','10.06.14',true,'23.05.14','07.05.14','обл'),(104,'30','6',104,104,'3','IV','Howard','Leah','120-6720 Lectus. Street','15.03.15','Средряя школа','08.09.14',false,'24.11.14','15.11.15','Гос'),(105,'29','5',105,105,'5','II','Edan','Zelda','P.O. Box 869, 8333 Sit Avenue','13.06.15','Лицей','15.06.15',false,'28.10.14','14.07.15','иная'),(106,'1','4',106,106,'2','II','Alvin','Ivory','P.O. Box 778, 7002 Nec Avenue','26.06.15','Средряя школа','28.02.16',false,'23.10.14','30.11.14','иная'),(107,'27','2',107,107,'1','II','Cyrus','Karina','Ap #912-4796 Dolor Av.','11.07.15','Лицей','01.03.15',false,'13.02.16','12.12.15','иная'),(108,'11','3',108,108,'4','V','Abel','TaShya','4884 Arcu. Rd.','19.09.15','Курсы','15.12.14',false,'19.03.14','11.10.15','обл'),(109,'33','5',109,109,'1','I','Jin','Ivana','Ap #585-9061 Vel, Street','05.08.15','Лицей','23.01.16',false,'11.09.14','27.05.15','обл'),(110,'29','4',110,110,'2','IV','Myles','Hillary','510-7031 Et Ave','17.08.14','Курсы','27.01.16',false,'24.02.16','20.09.15','иная'),(111,'34','4',111,111,'1','V','Basil','Zelda','P.O. Box 942, 6074 Proin Rd.','26.11.15','Курсы','28.11.14',true,'09.02.15','24.08.15','Гос'),(112,'23','4',112,112,'3','IV','Arden','Alika','778 Elit Street','01.06.15','Средряя школа','21.05.14',true,'18.11.14','19.07.15','иная'),(113,'38','1',113,113,'2','II','Ignatius','Liberty','187-6647 Faucibus Road','12.02.15','Лицей','05.02.16',true,'24.12.15','01.10.15','иная'),(114,'6','5',114,114,'2','I','Jonah','Chantale','3261 Aliquet Av.','24.09.14','Лицей','04.03.14',true,'13.08.15','16.07.15','обл'),(115,'33','6',115,115,'1','V','Blaze','Daphne','656-3880 Non, Avenue','30.10.14','Средряя школа','28.03.14',false,'04.12.15','28.10.15','Гос'),(116,'11','6',116,116,'2','I','Duncan','Alea','P.O. Box 107, 1187 Sed Avenue','11.09.15','Лицей','28.12.15',true,'28.04.14','09.06.15','иная'),(117,'37','1',117,117,'3','I','Darius','Lara','108 Justo. Rd.','09.10.15','Лицей','05.06.15',false,'16.06.14','21.01.16','Гос'),(118,'34','1',118,118,'4','IV','Anthony','Lacy','318-6238 Sed Av.','31.01.16','Курсы','06.08.15',false,'02.07.14','29.08.15','иная'),(119,'2','5',119,119,'2','I','Herrod','Neve','Ap #174-4495 Felis Rd.','05.08.15','Средряя школа','15.04.15',true,'29.04.14','27.11.14','иная'),(120,'28','6',120,120,'4','II','Uriel','Fiona','Ap #927-2768 Turpis St.','01.04.14','Средряя школа','01.10.15',false,'27.09.14','22.06.15','обл'),(121,'12','6',121,121,'5','IV','Devin','Roary','5774 Faucibus Ave','21.09.15','Курсы','03.03.14',true,'19.03.14','22.05.14','иная'),(122,'15','2',122,122,'5','III','Murphy','Desiree','P.O. Box 142, 1924 Ante, Ave','08.01.16','Лицей','26.11.15',true,'17.07.15','18.02.16','иная'),(123,'24','4',123,123,'1','III','Ronan','Yetta','795-9850 Urna Rd.','30.09.15','Средряя школа','06.07.14',true,'26.03.14','06.01.15','иная'),(124,'36','5',124,124,'4','IV','Emmanuel','Zenia','9017 In Rd.','05.06.15','Средряя школа','20.12.14',false,'14.05.14','17.03.15','Гос'),(125,'31','2',125,125,'2','III','Peter','Taylor','497-7623 Fusce Rd.','22.07.15','Лицей','10.10.14',false,'09.02.15','08.11.14','обл'),(126,'34','6',126,126,'4','IV','Nero','Aubrey','271-7751 Dolor Rd.','27.11.14','Курсы','17.09.15',true,'05.09.15','22.09.14','иная'),(127,'34','2',127,127,'1','I','Joshua','Isabelle','656-9976 Morbi Avenue','27.05.14','Средряя школа','02.07.14',false,'04.07.15','18.06.14','иная'),(128,'14','5',128,128,'5','IV','Caesar','Ayanna','4076 Volutpat Rd.','12.06.14','Курсы','30.03.15',false,'02.03.16','27.12.15','Гос'),(129,'32','2',129,129,'5','III','Jesse','Kai','P.O. Box 917, 4980 Rutrum Road','01.05.15','Курсы','05.09.14',true,'21.09.14','24.07.15','иная'),(130,'31','4',130,130,'2','V','Jared','Olympia','P.O. Box 511, 8645 Cras St.','29.07.14','Средряя школа','08.11.15',true,'29.12.14','21.07.14','обл'),(131,'5','2',131,131,'2','III','Bevis','Paloma','P.O. Box 415, 8331 Enim. St.','17.11.14','Лицей','10.11.14',true,'01.09.15','18.09.15','обл'),(132,'33','4',132,132,'4','V','Lester','Cassidy','685-2412 Tortor Av.','25.11.15','Средряя школа','21.08.15',true,'23.08.15','03.09.14','иная'),(133,'9','5',133,133,'5','IV','Curran','Hayley','Ap #195-9676 Tristique Av.','01.04.15','Лицей','09.09.15',true,'16.04.14','24.09.14','Гос'),(134,'14','3',134,134,'1','V','Calvin','Zelenia','Ap #757-3626 Donec Ave','06.05.15','Средряя школа','26.05.15',true,'16.06.15','29.03.14','Гос'),(135,'15','6',135,135,'2','III','Devin','Risa','Ap #795-9819 Aliquet. St.','11.07.15','Курсы','26.08.15',false,'22.04.14','28.06.14','Гос'),(136,'39','4',136,136,'4','II','Alfonso','Mikayla','P.O. Box 760, 1782 Cras St.','30.12.14','Курсы','23.11.15',true,'17.03.15','22.08.14','обл'),(137,'22','6',137,137,'4','III','Mason','Cheyenne','9846 Quis Ave','05.12.14','Лицей','05.07.15',true,'12.08.14','06.03.14','Гос'),(138,'22','1',138,138,'4','I','Stone','Joan','Ap #360-3736 Ante Ave','06.04.15','Курсы','23.10.15',true,'13.09.15','06.09.15','Гос'),(139,'37','2',139,139,'3','III','Wade','Indigo','Ap #437-5172 Arcu. St.','08.10.14','Средряя школа','06.12.15',true,'31.08.15','15.03.14','обл'),(140,'34','6',140,140,'3','I','Cadman','Dawn','Ap #995-9024 Aliquet Av.','31.10.15','Средряя школа','23.12.15',true,'05.11.14','07.07.14','иная'),(141,'23','5',141,141,'2','V','Chaney','Amaya','692-9314 Neque Rd.','04.08.14','Средряя школа','22.02.16',true,'05.04.15','02.01.15','иная'),(142,'20','2',142,142,'4','V','Hammett','Liberty','8302 Odio. St.','05.07.15','Средряя школа','09.02.15',false,'07.06.14','22.02.15','иная'),(143,'16','1',143,143,'2','III','Addison','Felicia','638-530 Cras Street','05.09.14','Лицей','28.10.14',true,'13.01.15','04.06.15','обл'),(144,'6','2',144,144,'1','II','Graiden','Destiny','1966 Dui Rd.','08.04.15','Средряя школа','08.05.14',false,'13.11.15','21.11.15','иная'),(145,'16','4',145,145,'1','V','Hoyt','Dominique','3131 Ac Rd.','14.06.14','Курсы','05.10.14',false,'10.11.14','18.09.15','Гос'),(146,'10','2',146,146,'5','V','Avram','Dana','Ap #143-3408 Fusce Avenue','10.02.16','Средряя школа','11.07.15',false,'01.09.14','27.06.14','обл'),(147,'17','1',147,147,'2','II','Colorado','Francesca','496-4325 Praesent Rd.','30.04.14','Средряя школа','28.04.15',false,'17.10.14','17.07.15','обл'),(148,'24','4',148,148,'3','II','Oleg','Shannon','Ap #235-9925 Aliquet. Avenue','30.10.14','Средряя школа','22.02.16',false,'03.11.14','22.03.14','иная'),(149,'33','6',149,149,'5','IV','Benjamin','Karleigh','741-8149 Dolor Av.','27.04.14','Курсы','25.11.15',true,'02.11.15','04.06.15','обл'),(150,'32','4',150,150,'3','V','Zeph','Madison','P.O. Box 760, 9382 Quisque Av.','04.11.15','Средряя школа','10.06.14',true,'10.02.16','21.05.14','иная'),(151,'6','2',151,151,'1','III','Camden','Blythe','9992 Suscipit, Rd.','13.01.15','Курсы','08.11.15',true,'02.01.15','13.08.14','обл'),(152,'8','4',152,152,'5','III','Caesar','Brittany','396-1081 Arcu. Rd.','15.10.15','Лицей','12.09.14',true,'19.09.15','11.11.14','Гос'),(153,'32','1',153,153,'5','II','Kibo','Cassandra','812-1439 Sollicitudin Ave','30.10.15','Средряя школа','05.01.15',false,'03.12.15','06.09.15','Гос'),(154,'39','1',154,154,'3','I','Timothy','Guinevere','488-115 Orci St.','13.06.15','Средряя школа','22.07.15',true,'03.01.16','16.04.14','иная'),(155,'7','5',155,155,'4','IV','Kadeem','Odette','P.O. Box 685, 5889 Turpis St.','29.09.14','Курсы','19.04.15',true,'22.08.14','20.07.15','обл'),(156,'21','4',156,156,'2','V','Raja','Meghan','3654 In St.','09.03.14','Средряя школа','04.10.14',true,'12.08.15','28.06.15','иная'),(157,'13','1',157,157,'5','III','Solomon','Charde','7640 Cras Rd.','06.05.14','Средряя школа','26.06.14',true,'21.12.14','22.10.15','иная'),(158,'13','3',158,158,'2','I','Moses','Venus','5462 Iaculis Street','10.04.14','Курсы','18.03.15',true,'24.01.15','06.03.15','обл'),(159,'19','1',159,159,'1','I','Emerson','Quintessa','P.O. Box 207, 6242 Euismod Rd.','11.11.14','Лицей','23.12.14',false,'30.12.15','25.12.14','иная'),(160,'1','4',160,160,'1','IV','Conan','Sybil','946-6941 Nec, Road','16.09.14','Лицей','24.07.15',true,'05.03.15','13.03.14','Гос'),(161,'16','5',161,161,'2','IV','Neil','Sopoline','9635 Fermentum Av.','05.07.14','Лицей','05.08.15',false,'17.07.14','26.09.14','Гос'),(162,'7','5',162,162,'5','V','Harper','Serena','500-8107 Volutpat. Avenue','30.09.14','Курсы','01.09.15',true,'11.03.14','09.12.15','иная'),(163,'2','3',163,163,'4','I','Thor','Violet','618-7215 Sollicitudin St.','08.04.15','Курсы','23.01.16',true,'10.09.14','03.07.14','Гос'),(164,'7','6',164,164,'5','V','Ali','Pearl','192-9319 Lectus St.','18.06.14','Средряя школа','08.06.15',false,'16.09.15','18.05.15','обл'),(165,'19','1',165,165,'3','II','Stone','Shelley','986-5992 Vulputate, Avenue','01.10.15','Лицей','14.04.14',false,'06.12.15','06.05.14','обл'),(166,'7','1',166,166,'4','V','Harper','Keelie','997-5161 Nulla Avenue','30.03.15','Средряя школа','21.11.15',false,'07.09.15','02.07.15','обл'),(167,'2','4',167,167,'2','II','Quentin','Reagan','9414 Magna. St.','26.10.14','Средряя школа','02.03.16',false,'28.11.14','11.09.14','Гос'),(168,'13','4',168,168,'4','V','Ross','Rhiannon','P.O. Box 697, 844 Aenean Road','14.10.14','Средряя школа','08.07.15',true,'16.11.15','20.04.15','Гос'),(169,'26','4',169,169,'5','III','Melvin','Desirae','9752 Ut, Av.','29.08.15','Курсы','26.01.16',false,'25.09.14','28.10.15','иная'),(170,'3','3',170,170,'2','IV','Nolan','Riley','Ap #546-5063 Mauris. St.','22.01.16','Курсы','31.05.15',true,'05.01.16','22.06.14','обл'),(171,'38','4',171,171,'1','V','Edan','Aimee','184-2550 Pede. St.','16.05.15','Лицей','09.02.15',true,'25.10.15','03.02.16','иная'),(172,'23','5',172,172,'4','IV','August','Pamela','Ap #770-3378 Augue St.','19.07.14','Средряя школа','05.10.14',true,'16.12.14','29.07.14','обл'),(173,'36','2',173,173,'2','V','Hashim','Hedwig','2582 Odio Avenue','13.04.15','Лицей','20.08.15',true,'16.06.14','23.09.15','обл'),(174,'8','4',174,174,'3','IV','Denton','Hanna','3280 Volutpat. St.','21.01.15','Средряя школа','04.06.14',true,'09.12.14','27.12.14','обл'),(175,'32','5',175,175,'2','IV','Jackson','Alana','484-8193 Est Ave','13.01.15','Лицей','09.04.14',false,'02.05.14','13.05.15','Гос'),(176,'27','4',176,176,'4','I','Bradley','Camille','6557 Ac Avenue','15.11.15','Лицей','29.05.14',false,'29.03.14','16.04.15','обл'),(177,'28','3',177,177,'1','IV','Dylan','Laurel','3581 Mollis Rd.','13.07.14','Курсы','07.08.15',false,'01.01.16','28.01.15','иная'),(178,'13','5',178,178,'1','IV','Nathan','Hanae','716-1485 Orci St.','27.10.15','Курсы','25.04.14',false,'24.10.14','01.06.15','иная'),(179,'24','4',179,179,'3','I','Kato','Emily','Ap #923-6614 Dignissim Ave','20.08.14','Средряя школа','09.05.15',true,'16.06.15','01.10.15','иная'),(180,'25','1',180,180,'3','II','Ferris','Carolyn','Ap #808-9875 Dictum St.','08.01.15','Средряя школа','04.12.14',false,'30.12.14','17.09.15','обл'),(181,'21','2',181,181,'5','II','Colby','Ivy','P.O. Box 825, 8208 Faucibus St.','11.03.14','Средряя школа','07.10.15',false,'15.04.14','19.09.14','обл'),(182,'1','6',182,182,'2','I','Orson','Deanna','P.O. Box 818, 5482 Risus Rd.','25.01.16','Средряя школа','07.11.14',true,'02.02.15','12.12.15','иная'),(183,'30','5',183,183,'1','V','Sean','Miranda','Ap #362-6526 Tellus St.','22.07.15','Средряя школа','23.10.14',true,'14.03.14','18.04.15','Гос'),(184,'9','5',184,184,'2','IV','Linus','Chloe','7275 Ligula. Road','09.02.16','Лицей','10.10.14',true,'20.09.15','08.11.14','Гос'),(185,'18','4',185,185,'4','IV','Valentine','Aretha','767-4688 Mauris Rd.','21.03.15','Средряя школа','05.01.16',false,'15.06.15','14.06.15','обл'),(186,'34','2',186,186,'1','IV','Drew','Judith','Ap #435-3517 Metus Ave','06.04.14','Курсы','04.03.15',true,'16.01.15','21.04.15','иная'),(187,'19','1',187,187,'3','IV','Elmo','Buffy','P.O. Box 507, 4528 Lacus Rd.','09.12.15','Курсы','06.06.14',true,'12.07.14','16.11.14','Гос'),(188,'27','6',188,188,'5','III','Graiden','Deanna','5717 Nisi Street','13.10.15','Лицей','14.02.15',true,'30.03.14','19.04.14','Гос'),(189,'35','1',189,189,'2','V','Clark','Suki','P.O. Box 424, 8043 Tellus Road','31.05.15','Лицей','31.10.15',true,'20.09.14','03.06.15','иная'),(190,'39','5',190,190,'3','III','Jerome','Cheryl','1358 Sagittis Ave','11.04.14','Курсы','14.01.15',false,'08.11.15','19.05.15','Гос'),(191,'26','6',191,191,'5','II','Callum','Inez','106-5217 Quis Rd.','24.03.15','Курсы','13.01.15',true,'03.08.15','04.07.15','Гос'),(192,'22','4',192,192,'2','IV','Slade','Cathleen','311 Donec St.','20.04.14','Лицей','16.06.15',false,'14.01.15','05.12.14','Гос'),(193,'7','1',193,193,'4','IV','Jakeem','Kameko','P.O. Box 124, 775 Vitae Ave','06.12.15','Лицей','05.11.14',false,'11.03.14','26.01.15','иная'),(194,'2','4',194,194,'1','I','Fulton','Patience','Ap #229-3813 Vitae, Rd.','03.12.14','Средряя школа','26.05.14',false,'06.08.15','24.04.15','Гос'),(195,'19','2',195,195,'5','IV','Nero','Piper','Ap #785-7021 Duis Rd.','09.07.15','Курсы','06.06.15',false,'28.06.15','26.11.14','обл'),(196,'28','5',196,196,'4','V','Caldwell','Vera','P.O. Box 433, 5040 Etiam Av.','17.02.16','Средряя школа','31.05.14',false,'05.11.15','14.10.14','обл'),(197,'27','1',197,197,'1','V','Ivan','Abigail','P.O. Box 418, 3558 Tincidunt Road','21.02.16','Курсы','24.03.14',true,'31.05.15','22.11.15','Гос'),(198,'30','4',198,198,'4','II','Hall','Delilah','P.O. Box 952, 9994 Arcu. Rd.','24.11.14','Лицей','09.12.15',true,'09.02.16','03.06.14','обл'),(199,'16','6',199,199,'3','I','Berk','Nell','Ap #796-1148 Nibh. St.','09.11.14','Лицей','03.04.15',false,'03.04.15','20.10.14','Гос'),(200,'8','5',200,200,'5','V','Harlan','Ariana','2763 Posuere Rd.','21.12.15','Курсы','04.10.14',false,'07.06.15','28.05.14','Гос');
