delete from `student` where student_id>0;
delete from `education_info` where education_info_id>0;
delete from `personal_info` where personal_info_id>0;
delete from `hostel` where hostel_id>0;
delete from `groupe` where group_id>0;
delete from `speciality` where speciality_id>0;
delete from `faculty` where faculty_id>0;
delete from `country` where country_id>0;

/*******************************
		Страны
*******************************/
INSERT INTO `interstudents`.`country`
(`country_id`,
`country_name`,
`is_bad`)
VALUES
(1, 'Беларусь', false),
(2, 'Россия', false),
(3, 'Украина', false),
(4, 'Туркменистан', true),
(5, 'Узбекистан', true),
(6, 'Турция', true);

/*******************************
		Факультеты
*******************************/
INSERT INTO `interstudents`.`faculty`
(`faculty_id`,
`faculty_name`)
VALUES
(1, 'Физмат'),
(2, 'Истфак'),
(3, 'Физо'),
(4, 'Филфак'),
(5, 'Экономфак'),
(6, 'Педфак');

/*******************************
		Специальности
*******************************/
INSERT INTO `interstudents`.`speciality`
(`speciality_id`,
`faculty_id`,
`speciality_name`)
VALUES
(1, 1, 'Математик'),
(2, 1, 'Физик'),
(3, 1, 'Информатик'),
(4, 2, 'Историк'),
(5, 2, 'Археолог'),
(6, 3, 'Футбол'),
(7, 3, 'Лыжи'),
(8, 4, 'Анлийский'),
(9, 4, 'Русский'),
(10, 5, 'Экономист'),
(11, 5, 'Бугалтер'),
(12, 6, 'Педогог'),
(13, 6, 'Воспитатель');

/*******************************
		Группы
*******************************/
INSERT INTO `interstudents`.`groupe`
(`group_id`,
`speciality_id`,
`group_name`)
VALUES
(1, 1, 'АБ'),
(2, 1, 'ВГ'),
(3, 1, 'ДЕ'),
(4, 2, 'А'),
(5, 2, 'Б'),
(6, 2, 'В'),
(7, 3, 'А'),
(8, 3, 'В'),
(9, 3, 'Г'),
(10, 4, 'А'),
(11, 4, 'Б'),
(12, 4, 'В'),
(13, 5, 'А'),
(14, 5, 'Б'),
(15, 5, 'В'),
(16, 6, 'А'),
(17, 6, 'Б'),
(18, 6, 'В'),
(19, 7, 'А'),
(20, 7, 'Б'),
(21, 7, 'В'),
(22, 8, 'А'),
(23, 8, 'Б'),
(24, 8, 'В'),
(25, 9, 'А'),
(26, 9, 'Б'),
(27, 9, 'В'),
(28, 10, 'А'),
(29, 10, 'Б'),
(30, 10, 'ВГ'),
(31, 11, 'А'),
(32, 11, 'В'),
(33, 11, 'Г'),
(34, 12, 'А'),
(35, 12, 'Б'),
(36, 12, 'В'),
(37, 13, 'А'),
(38, 13, 'Д'),
(39, 13, 'Е');

/*******************************
		Общежития
*******************************/
INSERT INTO `interstudents`.`hostel`
(`hostel_id`,
`hostel_name`,
`address`)
VALUES
(1, 'общежитие №1', 'г. Могилев ул. Ленинская, 39'),
(2, 'общежитие №2', 'г. Могилев ул. Ленинская, 33'),
(3, 'общежитие №3', 'г. Могилев ул. Космонавтов, 21'),
(4, 'общежитие №4', 'г. Могилев ул. Комсомольская, 14'),
(5, 'общежитие №5', 'г. Могилев ул. К. Маркса, 2');

/*******************************
		Персональная информация
*******************************/
INSERT INTO `interstudents`.`personal_info`
(`personal_info_id`,
`birth_date`,
`birth_place`,
`pasport_number`,
`pasport_validity`,
`gender`,
`visa_number`,
`visa_end_date`,
`insurance_number`,
`insurance_end_date`)
VALUES
/*id,birth_date,birth_place,pasport_number,pasport_validity,gender,visa_number,visa_end_date,insurance_number,insurance_end_date*/
(1,'30.10.14','Samoa',7,'25.02.16','М',5,'26.03.15',5,'09.02.16'),(2,'22.04.14','France',1,'23.07.14','Ж',1,'10.03.14',10,'05.04.14'),(3,'15.02.15','Paraguay',8,'28.02.15','Ж',7,'05.03.15',5,'09.05.14'),(4,'13.01.15','Canada',3,'13.09.14','Ж',5,'09.10.14',4,'15.05.14'),(5,'23.04.15','Guatemala',3,'24.04.15','М',4,'12.09.15',1,'06.04.15'),(6,'16.03.14','Saint Kitts and Nevis',7,'14.02.15','Ж',9,'17.08.15',10,'07.04.15'),(7,'11.12.15','French Polynesia',9,'04.08.14','М',10,'01.11.15',3,'09.04.14'),(8,'25.10.15','Dominica',7,'03.02.15','М',3,'19.07.15',6,'08.07.14'),(9,'20.03.14','Turks and Caicos Islands',9,'02.09.15','Ж',9,'02.12.14',9,'19.03.14'),(10,'31.07.15','South Georgia and The South Sandwich Islands',1,'02.02.16','Ж',10,'29.08.14',8,'20.04.15'),(11,'03.05.15','Germany',4,'02.02.16','Ж',3,'23.05.15',7,'04.11.15'),(12,'20.04.14','Ecuador',4,'10.06.14','М',4,'20.08.15',7,'13.12.15'),(13,'29.10.15','Montserrat',1,'28.09.14','М',4,'29.10.14',1,'18.04.14'),(14,'06.08.15','France',8,'27.06.14','Ж',9,'27.01.15',1,'22.03.15'),(15,'17.06.15','Finland',10,'17.07.15','Ж',8,'20.07.14',5,'14.10.14'),(16,'24.12.15','Saint Kitts and Nevis',10,'06.10.15','М',4,'09.04.14',3,'26.04.15'),(17,'15.02.15','Tunisia',10,'07.09.14','Ж',10,'02.01.15',1,'05.11.15'),(18,'11.01.15','Philippines',4,'21.08.15','Ж',2,'12.09.14',8,'31.05.15'),(19,'08.11.15','Tajikistan',1,'30.01.15','Ж',2,'06.08.14',7,'19.08.14'),(20,'18.01.16','Benin',5,'28.08.14','М',6,'11.04.14',2,'18.06.15'),(21,'18.07.14','Panama',10,'21.08.15','Ж',1,'06.12.15',5,'10.04.14'),(22,'19.01.16','Thailand',10,'30.06.14','М',6,'20.11.14',7,'05.09.14'),(23,'18.09.15','Mayotte',1,'10.11.15','Ж',2,'12.04.14',7,'30.08.14'),(24,'07.05.15','Estonia',8,'26.03.15','Ж',10,'26.02.16',2,'09.09.15'),(25,'22.06.14','Puerto Rico',4,'27.08.14','М',7,'16.05.14',3,'29.07.14'),(26,'04.07.15','Iran',9,'14.04.15','Ж',3,'09.03.15',10,'10.03.14'),(27,'10.10.14','Macedonia',10,'18.09.15','М',10,'02.10.14',8,'04.12.14'),(28,'17.04.15','Bolivia',2,'13.09.15','Ж',4,'23.07.14',6,'10.04.15'),(29,'07.10.15','Kenya',6,'03.12.15','М',2,'19.12.14',3,'20.04.14'),(30,'14.05.15','Papua New Guinea',9,'09.04.15','Ж',3,'23.05.15',4,'21.07.14'),(31,'06.07.14','Congo, the Democratic Republic of the',4,'20.01.16','Ж',10,'07.08.15',3,'19.05.15'),(32,'19.10.15','Vanuatu',5,'27.09.14','Ж',2,'06.05.14',10,'19.11.14'),(33,'07.09.14','Switzerland',8,'26.12.14','Ж',7,'01.02.16',6,'30.09.14'),(34,'25.03.14','Philippines',8,'12.10.14','М',2,'12.11.15',6,'11.02.16'),(35,'27.06.15','Sweden',8,'22.05.15','Ж',4,'15.08.14',9,'02.11.15'),(36,'26.04.14','Spain',5,'26.07.15','Ж',7,'12.05.14',3,'11.12.15'),(37,'26.11.15','Pakistan',3,'10.04.14','М',2,'11.06.15',8,'14.12.14'),(38,'10.03.15','Ireland',9,'05.06.15','Ж',5,'03.04.15',10,'30.11.14'),(39,'11.11.14','Turks and Caicos Islands',7,'18.04.15','М',1,'04.07.14',8,'20.03.15'),(40,'28.02.15','Uruguay',4,'05.04.15','М',7,'17.04.14',4,'27.08.14'),(41,'27.07.15','French Polynesia',6,'08.09.15','Ж',2,'14.04.14',3,'28.08.15'),(42,'14.02.15','British Indian Ocean Territory',6,'22.06.14','Ж',1,'06.09.14',4,'26.02.16'),(43,'30.09.14','Cook Islands',3,'22.03.15','Ж',3,'29.07.15',3,'09.07.14'),(44,'01.01.16','New Caledonia',3,'29.02.16','М',4,'27.05.14',4,'20.05.15'),(45,'03.02.16','Morocco',1,'17.12.15','М',8,'06.04.14',9,'28.01.15'),(46,'21.02.15','Brunei',6,'24.01.15','М',2,'26.12.14',6,'30.09.15'),(47,'21.04.15','Guam',10,'22.09.14','М',8,'24.04.14',3,'04.06.15'),(48,'15.02.16','Cayman Islands',10,'20.11.15','М',3,'16.02.16',8,'12.12.14'),(49,'14.12.15','Barbados',2,'19.07.15','Ж',7,'28.08.14',8,'28.06.15'),(50,'08.08.14','New Caledonia',10,'16.10.14','Ж',5,'12.02.16',8,'01.04.15'),(51,'12.09.14','Austria',9,'20.11.15','М',8,'08.04.14',6,'29.09.14'),(52,'05.02.15','Bonaire, Sint Eustatius and Saba',1,'05.10.15','Ж',5,'01.09.15',10,'14.03.15'),(53,'07.01.15','Hungary',3,'13.06.14','М',2,'20.06.15',5,'01.05.14'),(54,'05.03.14','El Salvador',4,'13.01.16','М',4,'15.03.15',7,'08.07.14'),(55,'10.07.14','Nigeria',3,'17.05.15','Ж',2,'03.01.16',2,'27.11.15'),(56,'27.12.14','United States Minor Outlying Islands',1,'15.06.14','Ж',9,'16.03.15',2,'19.08.14'),(57,'28.08.14','Ireland',6,'28.09.14','Ж',10,'27.08.14',9,'16.05.15'),(58,'04.07.14','Timor-Leste',1,'08.02.15','Ж',9,'29.07.15',4,'05.04.15'),(59,'05.12.14','Venezuela',3,'01.11.15','М',1,'28.04.14',8,'16.01.15'),(60,'28.05.14','Papua New Guinea',6,'05.06.14','М',5,'09.04.14',4,'14.07.14'),(61,'17.11.14','Burkina Faso',1,'17.08.14','Ж',6,'09.11.15',4,'03.07.15'),(62,'20.02.15','Luxembourg',8,'14.03.15','М',4,'03.10.15',1,'12.11.15'),(63,'18.02.16','Montenegro',3,'10.12.14','М',2,'06.06.15',5,'22.11.14'),(64,'18.04.14','Indonesia',9,'20.10.14','М',3,'22.07.14',8,'24.05.15'),(65,'07.04.15','Brunei',3,'14.04.14','Ж',7,'30.10.14',9,'10.08.14'),(66,'06.03.15','Afghanistan',2,'05.04.14','Ж',7,'20.02.16',2,'07.07.14'),(67,'21.12.15','Switzerland',6,'06.07.14','М',9,'02.11.14',4,'13.07.15'),(68,'07.10.14','Bangladesh',7,'31.05.14','Ж',8,'29.01.15',10,'03.06.14'),(69,'03.12.15','Canada',10,'11.08.15','Ж',6,'21.11.15',8,'07.01.15'),(70,'18.05.14','Hong Kong',3,'12.05.14','М',9,'22.06.15',3,'12.02.16'),(71,'17.07.14','Cuba',6,'16.12.15','М',1,'11.09.14',7,'05.02.16'),(72,'30.03.15','Algeria',6,'22.07.15','М',2,'11.12.15',4,'19.04.14'),(73,'08.02.16','American Samoa',2,'29.01.16','Ж',5,'11.03.15',5,'21.11.14'),(74,'28.11.15','Poland',7,'09.12.14','Ж',5,'25.01.16',8,'01.10.15'),(75,'26.10.15','Turkmenistan',9,'08.10.15','М',3,'03.02.16',6,'12.09.15'),(76,'29.03.15','Panama',1,'20.07.15','М',8,'01.06.14',1,'11.01.16'),(77,'06.04.15','Reunion',6,'13.07.15','М',8,'25.02.16',2,'31.03.14'),(78,'19.09.14','Barbados',4,'01.11.15','Ж',6,'25.03.15',1,'27.10.14'),(79,'28.12.15','Guinea',9,'23.05.14','М',1,'26.10.15',1,'08.08.14'),(80,'19.03.15','Nicaragua',4,'15.10.15','М',8,'15.01.15',9,'13.05.14'),(81,'18.12.15','San Marino',9,'28.11.15','Ж',8,'13.12.15',4,'29.01.16'),(82,'25.02.16','Cambodia',4,'02.09.15','Ж',6,'08.07.15',1,'18.07.14'),(83,'22.06.14','Jordan',9,'06.05.15','Ж',4,'17.07.15',7,'29.03.14'),(84,'03.11.14','Poland',3,'22.10.14','М',7,'19.02.15',1,'10.09.14'),(85,'20.04.14','Hong Kong',9,'09.08.15','М',2,'01.07.14',6,'10.07.15'),(86,'01.02.15','Senegal',10,'06.02.16','Ж',7,'12.07.14',9,'10.12.14'),(87,'18.08.14','Congo (Brazzaville)',7,'13.04.15','М',9,'04.08.15',2,'17.06.14'),(88,'31.10.14','Iran',1,'10.10.15','М',10,'22.09.14',7,'20.11.14'),(89,'14.07.15','Ghana',10,'16.08.15','М',2,'01.02.15',1,'19.02.15'),(90,'27.12.15','Montserrat',7,'07.07.15','М',5,'12.10.14',4,'03.04.15'),(91,'30.01.16','Turkmenistan',1,'07.07.14','М',8,'14.12.15',9,'16.01.16'),(92,'03.04.14','Norway',3,'08.04.15','М',1,'31.10.15',4,'28.08.15'),(93,'15.02.15','Syria',6,'03.02.15','Ж',6,'25.10.15',5,'25.03.15'),(94,'29.07.15','Georgia',2,'02.03.16','М',3,'16.02.15',3,'25.02.15'),(95,'17.09.15','Guinea-Bissau',4,'08.04.14','Ж',1,'11.06.15',3,'23.04.14'),(96,'06.01.16','Norfolk Island',4,'21.01.15','М',6,'27.08.14',8,'04.06.15'),(97,'17.03.15','Guadeloupe',9,'28.02.15','М',4,'27.04.15',1,'13.04.15'),(98,'19.08.15','Russian Federation',8,'21.05.14','Ж',10,'31.08.14',2,'16.03.15'),(99,'20.09.15','Venezuela',6,'25.01.16','М',3,'13.06.14',5,'30.07.15'),(100,'29.06.14','Barbados',4,'14.12.14','Ж',1,'17.08.15',2,'25.09.15'),(101,'15.04.14','Bouvet Island',8,'16.06.14','Ж',10,'05.12.14',1,'13.08.15'),(102,'11.09.14','Botswana',9,'27.07.15','М',4,'20.08.14',1,'07.11.15'),(103,'02.06.15','Switzerland',1,'21.07.14','Ж',7,'12.06.14',9,'07.01.15'),(104,'25.09.14','Myanmar',6,'21.07.15','Ж',4,'08.07.14',8,'02.07.15'),(105,'26.01.16','Mali',9,'29.03.15','М',6,'04.08.14',9,'17.03.15'),(106,'12.03.15','Congo, the Democratic Republic of the',5,'29.02.16','М',10,'14.09.15',4,'27.04.15'),(107,'07.06.14','Niger',7,'21.06.15','Ж',9,'09.05.14',7,'20.06.14'),(108,'18.04.15','Norway',6,'26.04.14','М',7,'08.09.15',7,'10.12.14'),(109,'15.01.16','Barbados',6,'02.04.15','Ж',7,'17.03.15',9,'23.11.14'),(110,'20.07.15','India',7,'17.05.14','Ж',3,'04.10.14',3,'23.08.15'),(111,'03.01.16','Monaco',3,'08.02.15','Ж',10,'29.10.14',1,'10.08.14'),(112,'07.12.14','Papua New Guinea',7,'28.06.14','М',2,'20.08.14',8,'06.11.15'),(113,'22.07.15','Kiribati',3,'27.06.15','М',8,'30.01.15',8,'04.01.15'),(114,'18.11.15','Gibraltar',10,'04.04.14','М',2,'28.10.14',7,'29.04.15'),(115,'14.01.16','Austria',4,'23.09.14','Ж',10,'21.11.15',5,'17.12.14'),(116,'02.04.15','Chile',6,'02.12.15','Ж',8,'12.08.14',7,'04.05.15'),(117,'04.12.14','Malaysia',9,'20.06.15','Ж',9,'27.01.16',3,'24.11.14'),(118,'08.09.15','Papua New Guinea',3,'14.12.14','Ж',8,'08.06.14',1,'05.07.15'),(119,'07.07.14','Yemen',6,'25.09.14','Ж',10,'03.07.15',9,'25.08.15'),(120,'06.01.16','Jersey',3,'02.01.16','М',8,'11.05.15',3,'19.11.14'),(121,'09.10.14','Philippines',2,'24.08.14','Ж',5,'04.04.15',1,'11.02.15'),(122,'05.02.15','France',10,'23.02.16','М',8,'24.09.14',9,'23.03.15'),(123,'10.03.14','Georgia',9,'02.02.15','Ж',9,'07.10.15',7,'18.07.15'),(124,'27.01.15','Solomon Islands',3,'05.01.16','Ж',9,'13.01.16',1,'11.11.15'),(125,'14.08.14','Pitcairn Islands',5,'04.06.15','Ж',10,'26.03.14',8,'20.12.14'),(126,'18.06.14','United Arab Emirates',8,'16.11.14','М',6,'16.08.14',10,'11.07.14'),(127,'25.03.14','Costa Rica',1,'01.12.14','Ж',9,'18.12.15',3,'09.03.15'),(128,'21.02.16','Armenia',4,'11.12.15','Ж',9,'08.12.15',10,'03.09.15'),(129,'21.07.15','Oman',9,'08.09.14','Ж',2,'03.07.14',3,'10.09.14'),(130,'27.04.14','Finland',5,'31.12.14','Ж',1,'17.08.14',10,'25.10.15'),(131,'26.07.14','Seychelles',7,'02.01.16','М',8,'23.06.14',2,'10.08.14'),(132,'19.01.15','Kiribati',6,'29.07.14','М',7,'08.03.14',1,'12.02.15'),(133,'15.05.14','Bahrain',9,'15.09.15','Ж',3,'12.11.14',7,'01.01.16'),(134,'17.05.14','Macao',9,'19.10.15','М',10,'11.03.14',9,'10.11.14'),(135,'07.09.14','Turkey',4,'24.08.15','Ж',6,'28.05.14',8,'17.10.14'),(136,'20.11.15','Equatorial Guinea',5,'29.03.14','М',7,'26.05.15',4,'25.03.15'),(137,'11.03.15','Croatia',9,'07.01.15','Ж',7,'06.04.15',1,'20.06.14'),(138,'18.05.15','Seychelles',7,'15.07.14','Ж',9,'20.05.15',7,'15.06.14'),(139,'27.08.14','Saint Pierre and Miquelon',2,'03.09.14','М',10,'16.12.14',9,'22.04.15'),(140,'05.03.14','Morocco',10,'16.12.14','М',3,'23.06.15',5,'15.07.14'),(141,'30.12.14','Tonga',10,'09.02.15','Ж',9,'20.09.15',3,'29.07.14'),(142,'17.07.14','Nigeria',10,'10.05.15','М',1,'23.09.14',9,'18.10.15'),(143,'25.04.15','French Southern Territories',7,'31.05.15','М',10,'17.07.14',4,'23.02.16'),(144,'22.01.15','Iran',5,'19.01.16','Ж',7,'14.12.15',2,'17.04.14'),(145,'03.01.15','Australia',1,'10.02.16','М',3,'29.05.15',6,'13.08.14'),(146,'20.11.14','Cook Islands',10,'19.03.14','Ж',1,'21.06.15',1,'18.07.15'),(147,'16.09.15','Mali',8,'11.07.14','Ж',2,'25.05.14',10,'22.04.14'),(148,'17.11.14','Curaçao',6,'03.12.15','Ж',9,'08.10.14',1,'26.09.14'),(149,'17.07.14','Singapore',6,'23.08.14','Ж',7,'18.06.15',6,'04.07.14'),(150,'02.11.15','Indonesia',4,'09.01.15','М',2,'24.07.15',6,'08.09.14'),(151,'19.09.15','Seychelles',6,'18.06.14','М',8,'07.07.14',2,'06.05.14'),(152,'25.12.15','Virgin Islands, United States',9,'02.01.15','М',10,'03.06.15',7,'28.11.14'),(153,'03.03.14','Guinea-Bissau',3,'04.10.14','Ж',2,'29.02.16',1,'19.07.15'),(154,'25.03.15','Botswana',4,'30.08.14','Ж',2,'21.10.15',3,'16.11.14'),(155,'27.03.15','Saint Barthélemy',5,'07.04.15','М',6,'02.02.15',4,'29.02.16'),(156,'10.02.16','Armenia',3,'12.05.15','Ж',9,'11.08.15',3,'12.12.15'),(157,'27.07.14','South Africa',1,'01.09.14','М',8,'14.07.14',6,'15.12.15'),(158,'07.05.14','Uzbekistan',4,'19.10.14','Ж',1,'06.04.15',7,'25.02.16'),(159,'29.01.16','Canada',1,'25.02.15','М',8,'19.07.15',10,'01.11.14'),(160,'15.10.14','Cook Islands',6,'10.10.15','Ж',3,'27.10.14',7,'11.04.14'),(161,'24.07.15','Sudan',9,'11.04.14','Ж',8,'13.03.14',6,'30.08.15'),(162,'19.09.14','Liechtenstein',10,'10.07.14','Ж',5,'18.11.15',2,'09.12.15'),(163,'11.12.15','Macedonia',10,'02.03.15','М',10,'02.11.14',7,'16.02.15'),(164,'17.01.15','Benin',8,'11.06.15','М',1,'01.06.15',1,'25.06.14'),(165,'08.08.15','Uganda',2,'26.04.14','М',9,'13.03.14',7,'10.11.14'),(166,'03.01.15','United States Minor Outlying Islands',4,'04.02.15','М',2,'05.05.14',5,'16.11.15'),(167,'07.04.14','Japan',9,'09.09.14','Ж',9,'18.11.15',10,'11.04.14'),(168,'09.09.15','Congo, the Democratic Republic of the',10,'20.01.16','Ж',10,'11.05.15',4,'05.03.14'),(169,'31.01.15','Ghana',2,'23.03.15','М',10,'17.02.15',2,'19.10.14'),(170,'18.01.15','Tuvalu',5,'06.01.16','М',9,'01.07.15',6,'09.09.14'),(171,'13.05.15','Curaçao',8,'24.11.15','Ж',10,'04.08.15',1,'04.05.14'),(172,'12.01.16','Norway',6,'14.06.15','Ж',3,'12.01.15',10,'13.08.14'),(173,'21.04.15','Turkmenistan',4,'30.09.15','М',5,'13.04.14',3,'19.08.15'),(174,'20.02.15','Montserrat',6,'18.02.16','М',10,'04.10.14',5,'16.10.14'),(175,'26.12.15','Indonesia',6,'07.01.15','Ж',2,'05.06.14',9,'28.11.15'),(176,'20.02.16','Senegal',2,'10.12.15','Ж',1,'03.10.14',2,'08.11.15'),(177,'20.09.14','Switzerland',1,'05.04.14','Ж',7,'22.06.15',8,'18.11.15'),(178,'13.12.14','Azerbaijan',9,'30.09.14','Ж',10,'17.01.16',3,'08.05.14'),(179,'11.12.15','Monaco',6,'07.09.15','Ж',8,'07.02.16',2,'09.03.14'),(180,'02.12.15','Solomon Islands',6,'15.04.14','Ж',8,'24.11.14',2,'26.02.15'),(181,'31.10.15','Greece',3,'07.04.15','М',6,'23.09.15',4,'23.08.14'),(182,'22.05.14','Pakistan',9,'04.02.15','Ж',6,'20.08.15',5,'28.10.14'),(183,'04.09.15','Hungary',4,'02.10.15','Ж',5,'19.05.15',4,'25.09.14'),(184,'16.12.15','Falkland Islands',5,'01.05.15','М',9,'26.02.16',3,'31.05.15'),(185,'09.09.14','Virgin Islands, United States',7,'17.10.14','М',6,'05.02.16',2,'03.04.14'),(186,'24.05.14','Sao Tome and Principe',10,'03.10.15','М',3,'14.10.14',7,'21.11.15'),(187,'31.12.14','Macao',2,'06.05.14','Ж',9,'24.06.15',2,'27.07.14'),(188,'27.05.15','Equatorial Guinea',8,'06.05.14','М',4,'23.01.16',9,'22.10.15'),(189,'04.04.15','Oman',3,'05.12.14','Ж',10,'10.04.15',8,'20.05.15'),(190,'19.02.16','Marshall Islands',10,'06.07.15','М',2,'05.05.15',7,'26.12.15'),(191,'02.04.15','Congo, the Democratic Republic of the',8,'13.06.14','М',9,'03.03.14',4,'03.12.14'),(192,'24.06.15','Curaçao',1,'03.10.15','М',1,'20.08.14',10,'12.10.15'),(193,'21.10.15','Monaco',9,'13.06.14','М',6,'03.10.15',9,'04.01.16'),(194,'07.08.15','Congo (Brazzaville)',3,'30.05.14','Ж',4,'18.11.15',3,'19.06.14'),(195,'07.05.14','Tonga',3,'09.05.14','Ж',2,'22.02.16',2,'06.06.15'),(196,'10.08.14','Monaco',4,'09.03.15','М',1,'13.05.14',9,'13.06.14'),(197,'17.12.15','Bulgaria',5,'15.04.15','М',4,'02.02.16',6,'30.09.15'),(198,'02.01.16','Samoa',3,'07.08.15','М',2,'29.09.15',7,'04.12.14'),(199,'24.11.14','Congo, the Democratic Republic of the',9,'30.07.14','Ж',3,'11.12.15',5,'02.04.15'),(200,'26.12.15','Algeria',7,'28.05.14','М',4,'25.11.15',6,'15.05.14');

/*******************************
		информация об образовании
*******************************/
INSERT INTO `interstudents`.`education_info`
(`education_info_id`,
`incoming_date`,
`graduated_date`,
`dismis_date`,
`order_number`,
`study_form`,
`study_type`,
`reason_dismis`,
`income_type`,
`inviting_part`,
`invite_date`,
`incoming_rb_date`)
VALUES
/*`id`,`incoming_date`,`graduated_date`,`dismis_date`,`order_number`,`study_form`,`study_type`,`reason_dismis`,`income_type`,`inviting_part`,`invite_date`,`incoming_rb_date`*/
(1,'10.09.14','02.09.14','22.04.14',8251619,'Дневная','Бюджет','Отчисление','Приглашение','МГУ','14.06.15','11.07.15'),(2,'27.05.15','31.01.16','19.05.14',4715690,'Дневная','Бюджет','Отчисление','Приглашение','Универ','30.01.16','31.01.15'),(3,'21.04.14','17.03.14','17.03.14',3779606,'Заочная','Бюджет','Отчисление','Приглашение','Универ','02.10.15','06.10.14'),(4,'17.12.15','18.10.14','17.06.15',6801062,'Заочная','Бюджет','Окончание','Приглашение','Универ','28.02.16','31.01.16'),(5,'08.09.15','22.08.14','15.12.14',3476347,'Дневная','Платно','Окончание','Перевод','МГУ','04.03.14','05.07.14'),(6,'25.05.15','16.10.14','10.07.15',3519245,'Заочная','Платно','Окончание','Приглашение','МГУ','09.06.14','03.09.15'),(7,'06.01.15','01.04.14','21.11.15',1895099,'Дневная','Бюджет','Отчисление','Приглашение','Универ','07.03.14','13.09.15'),(8,'22.08.15','05.03.14','26.12.14',1334177,'Заочная','Платно','Отчисление','Приглашение','Универ','11.02.15','01.01.16'),(9,'08.02.15','17.04.15','05.10.14',3232881,'Заочная','Платно','Отчисление','Перевод','Универ','11.08.14','08.12.15'),(10,'24.01.16','07.02.16','20.02.16',2295918,'Дневная','Платно','Отчисление','Приглашение','Универ','24.08.15','25.05.14'),(11,'25.04.15','25.03.15','01.11.15',6254497,'Заочная','Бюджет','Отчисление','Перевод','Универ','23.12.15','11.06.15'),(12,'31.12.15','18.08.14','11.09.14',9046501,'Дневная','Бюджет','Окончание','Перевод','Универ','02.04.15','27.10.15'),(13,'04.06.14','17.02.16','07.05.14',642162,'Заочная','Бюджет','Окончание','Приглашение','Универ','19.05.14','30.09.14'),(14,'12.04.15','11.10.15','29.05.15',3223755,'Дневная','Бюджет','Отчисление','Перевод','Универ','21.06.15','07.10.14'),(15,'30.07.15','19.12.14','29.09.15',3391717,'Дневная','Бюджет','Отчисление','Приглашение','Универ','01.11.14','13.03.15'),(16,'02.04.15','25.03.14','30.06.14',2381063,'Дневная','Бюджет','Отчисление','Перевод','МГУ','25.08.14','10.03.15'),(17,'26.05.14','03.12.15','01.10.14',523893,'Дневная','Бюджет','Окончание','Приглашение','Универ','27.12.15','17.10.15'),(18,'20.09.14','10.01.16','03.05.15',6957218,'Дневная','Бюджет','Отчисление','Приглашение','Универ','14.07.15','28.11.15'),(19,'09.09.15','27.02.15','25.06.14',1536000,'Заочная','Бюджет','Отчисление','Приглашение','Универ','30.03.15','15.01.15'),(20,'08.08.14','26.08.14','16.01.15',2228733,'Заочная','Платно','Отчисление','Перевод','Универ','28.10.15','02.02.15'),(21,'27.05.14','14.02.16','03.11.15',278011,'Заочная','Платно','Окончание','Перевод','Универ','23.12.15','11.04.14'),(22,'27.12.14','28.03.14','21.02.15',8349353,'Заочная','Бюджет','Окончание','Приглашение','Универ','29.07.14','29.01.16'),(23,'20.02.15','27.05.14','16.07.15',7825156,'Дневная','Бюджет','Окончание','Приглашение','МГУ','25.05.14','04.01.15'),(24,'16.02.16','23.06.15','26.12.14',3391070,'Заочная','Бюджет','Отчисление','Приглашение','МГУ','19.01.16','31.03.14'),(25,'07.07.14','21.01.16','11.03.14',4967935,'Дневная','Платно','Окончание','Перевод','Универ','05.11.14','04.02.15'),(26,'22.01.15','06.06.14','15.04.14',6814475,'Дневная','Платно','Отчисление','Перевод','Универ','29.03.14','14.12.15'),(27,'29.08.15','04.07.14','14.06.15',9707013,'Дневная','Бюджет','Отчисление','Перевод','Универ','29.05.14','14.06.14'),(28,'12.04.15','08.04.15','20.05.15',6010881,'Дневная','Платно','Окончание','Перевод','Универ','11.01.15','26.09.15'),(29,'25.08.14','04.11.14','24.03.15',3876561,'Заочная','Бюджет','Окончание','Перевод','Универ','05.07.15','18.10.15'),(30,'20.12.14','27.06.14','21.09.15',4874971,'Дневная','Платно','Окончание','Приглашение','МГУ','31.01.15','21.05.14'),(31,'09.05.15','20.03.15','02.06.15',7475875,'Дневная','Платно','Окончание','Приглашение','Универ','30.09.15','06.04.14'),(32,'07.06.15','27.07.14','13.04.14',629565,'Дневная','Платно','Окончание','Приглашение','Универ','10.09.14','17.04.14'),(33,'21.01.16','16.03.15','10.03.14',1414491,'Дневная','Бюджет','Окончание','Приглашение','Универ','18.02.15','08.02.16'),(34,'08.01.15','08.08.15','10.08.15',4766310,'Дневная','Платно','Отчисление','Перевод','МГУ','11.09.14','22.02.15'),(35,'24.08.15','03.10.14','01.11.15',3690733,'Заочная','Платно','Окончание','Приглашение','МГУ','01.07.14','25.04.14'),(36,'05.01.15','25.06.15','08.07.14',8058190,'Дневная','Бюджет','Отчисление','Перевод','МГУ','28.06.14','11.10.15'),(37,'13.08.15','27.01.16','03.09.14',6645678,'Заочная','Бюджет','Отчисление','Приглашение','МГУ','27.07.15','10.02.15'),(38,'25.01.16','06.06.15','27.06.15',5648670,'Заочная','Бюджет','Отчисление','Приглашение','Универ','29.09.14','31.05.14'),(39,'29.12.15','22.11.14','13.12.14',8393029,'Заочная','Платно','Окончание','Перевод','Универ','09.06.15','26.05.15'),(40,'06.04.15','26.02.16','24.02.16',5421713,'Дневная','Платно','Окончание','Перевод','МГУ','06.03.14','21.01.15'),(41,'26.07.15','25.12.15','25.05.15',3013728,'Дневная','Бюджет','Окончание','Приглашение','Универ','19.03.14','04.11.15'),(42,'09.01.15','27.03.15','05.11.14',1953616,'Дневная','Бюджет','Отчисление','Приглашение','Универ','03.10.15','25.06.15'),(43,'12.01.16','10.07.14','02.11.15',3898111,'Заочная','Бюджет','Отчисление','Приглашение','Универ','12.05.14','30.03.14'),(44,'27.11.15','18.01.15','27.06.14',3007401,'Заочная','Платно','Окончание','Приглашение','МГУ','03.03.15','08.11.15'),(45,'29.06.14','06.09.15','09.05.14',4150068,'Дневная','Платно','Окончание','Приглашение','МГУ','07.04.15','06.10.15'),(46,'30.12.15','25.08.14','26.04.14',9602859,'Заочная','Бюджет','Отчисление','Приглашение','МГУ','14.09.15','28.10.14'),(47,'18.10.14','04.10.15','16.01.16',642265,'Дневная','Платно','Окончание','Перевод','Универ','18.03.15','22.11.15'),(48,'13.08.15','17.02.15','25.09.15',278457,'Дневная','Бюджет','Отчисление','Приглашение','МГУ','02.07.14','18.12.15'),(49,'15.11.14','24.12.14','08.03.14',6472386,'Заочная','Бюджет','Окончание','Перевод','Универ','02.01.16','05.12.14'),(50,'29.04.15','02.09.15','20.07.15',3554641,'Дневная','Платно','Окончание','Перевод','МГУ','08.11.15','04.02.15'),(51,'28.12.15','08.07.15','25.11.14',5907496,'Заочная','Бюджет','Окончание','Приглашение','Универ','11.12.14','07.03.15'),(52,'07.04.14','31.03.14','28.10.14',1457379,'Дневная','Бюджет','Отчисление','Перевод','Универ','28.04.15','19.05.14'),(53,'22.11.15','25.05.14','09.04.14',9447195,'Дневная','Платно','Отчисление','Приглашение','МГУ','17.01.16','03.07.14'),(54,'30.09.15','02.03.16','26.03.14',9492216,'Заочная','Бюджет','Отчисление','Приглашение','МГУ','05.03.15','08.08.15'),(55,'07.09.15','25.04.15','25.06.15',4614021,'Заочная','Платно','Окончание','Приглашение','Универ','19.01.16','14.03.15'),(56,'24.12.15','11.05.15','09.11.15',2177772,'Дневная','Бюджет','Отчисление','Перевод','Универ','11.11.14','24.01.16'),(57,'12.03.14','21.12.15','23.10.14',8443975,'Заочная','Платно','Окончание','Перевод','МГУ','31.12.14','14.11.14'),(58,'06.07.15','19.09.14','28.04.15',8763252,'Заочная','Бюджет','Отчисление','Приглашение','МГУ','29.04.15','19.04.15'),(59,'04.09.14','27.08.14','03.04.14',7380900,'Дневная','Бюджет','Окончание','Перевод','МГУ','15.04.14','21.06.14'),(60,'09.06.15','19.07.14','23.04.15',8689897,'Заочная','Платно','Окончание','Перевод','МГУ','15.06.14','15.06.14'),(61,'01.01.15','22.12.14','20.05.14',5359071,'Дневная','Бюджет','Отчисление','Приглашение','МГУ','13.07.15','01.02.15'),(62,'15.03.15','31.05.15','29.02.16',6299405,'Заочная','Бюджет','Отчисление','Перевод','Универ','21.01.16','04.10.15'),(63,'25.06.14','01.04.15','06.11.15',9767230,'Дневная','Платно','Окончание','Перевод','МГУ','23.07.15','15.07.15'),(64,'15.04.14','09.12.15','31.05.14',7020664,'Заочная','Платно','Окончание','Перевод','МГУ','18.01.15','11.03.15'),(65,'03.04.14','30.11.14','12.04.15',1022013,'Дневная','Бюджет','Отчисление','Приглашение','Универ','30.11.14','27.03.14'),(66,'06.02.15','01.10.14','15.02.15',3596958,'Заочная','Бюджет','Окончание','Перевод','МГУ','26.12.14','25.02.16'),(67,'27.07.14','17.12.14','24.02.15',6708336,'Заочная','Бюджет','Отчисление','Приглашение','МГУ','07.12.14','27.09.15'),(68,'02.01.15','26.03.15','08.06.15',8488823,'Заочная','Платно','Окончание','Перевод','МГУ','30.06.14','03.02.15'),(69,'24.02.15','09.08.15','26.08.15',5273848,'Дневная','Бюджет','Окончание','Перевод','Универ','16.05.14','13.01.15'),(70,'29.10.14','14.06.15','07.12.15',3033474,'Дневная','Платно','Окончание','Приглашение','МГУ','14.11.14','24.03.14'),(71,'25.10.14','03.01.16','15.12.15',6227810,'Заочная','Бюджет','Окончание','Перевод','МГУ','13.09.15','03.07.14'),(72,'07.04.14','30.07.15','10.08.14',293676,'Дневная','Платно','Окончание','Приглашение','МГУ','04.09.14','16.12.15'),(73,'12.04.15','15.04.15','28.07.14',6806119,'Заочная','Платно','Отчисление','Перевод','МГУ','16.09.14','21.08.15'),(74,'11.08.15','04.06.15','21.03.15',231780,'Заочная','Платно','Окончание','Приглашение','Универ','30.06.15','30.04.15'),(75,'03.03.14','19.06.14','12.02.15',5177883,'Заочная','Бюджет','Окончание','Приглашение','Универ','21.03.15','15.12.14'),(76,'06.01.16','04.08.14','24.07.14',8410605,'Заочная','Платно','Отчисление','Приглашение','МГУ','25.02.16','09.06.14'),(77,'05.12.15','20.02.15','30.01.16',6201900,'Заочная','Бюджет','Отчисление','Приглашение','Универ','26.03.14','10.11.14'),(78,'23.06.15','23.06.15','11.05.15',8841019,'Заочная','Платно','Окончание','Перевод','МГУ','18.09.14','02.11.14'),(79,'27.12.14','18.06.15','12.10.14',6765693,'Заочная','Бюджет','Отчисление','Перевод','Универ','05.07.15','16.03.14'),(80,'11.07.14','05.11.14','20.03.14',3184640,'Дневная','Бюджет','Окончание','Перевод','МГУ','21.09.15','01.02.15'),(81,'07.03.14','21.04.14','02.06.14',266416,'Дневная','Бюджет','Отчисление','Перевод','МГУ','15.02.16','09.07.15'),(82,'01.09.15','21.10.14','17.03.14',2929555,'Заочная','Бюджет','Отчисление','Перевод','МГУ','10.10.15','19.06.14'),(83,'21.05.14','14.08.14','08.06.14',6420589,'Заочная','Бюджет','Окончание','Перевод','МГУ','30.09.15','16.05.14'),(84,'03.03.15','14.05.15','19.11.15',7912501,'Заочная','Платно','Отчисление','Перевод','МГУ','28.02.15','31.05.14'),(85,'02.06.15','22.11.15','21.08.14',1806616,'Заочная','Бюджет','Отчисление','Приглашение','Универ','31.01.16','26.06.15'),(86,'25.12.14','17.06.14','07.04.15',70014,'Дневная','Бюджет','Отчисление','Приглашение','МГУ','06.09.15','26.12.15'),(87,'22.12.15','09.12.14','08.11.15',9652508,'Дневная','Бюджет','Отчисление','Перевод','МГУ','16.03.14','18.08.14'),(88,'05.09.15','20.01.16','05.02.15',8900421,'Заочная','Бюджет','Окончание','Перевод','МГУ','20.07.14','19.04.14'),(89,'16.02.16','16.12.15','08.11.15',3632343,'Заочная','Платно','Отчисление','Приглашение','МГУ','20.06.14','23.08.15'),(90,'23.04.14','27.04.15','18.12.15',3903348,'Дневная','Платно','Окончание','Приглашение','МГУ','24.02.16','23.07.14'),(91,'17.09.14','23.06.15','28.01.15',9371969,'Дневная','Бюджет','Окончание','Перевод','Универ','26.10.14','28.03.15'),(92,'24.08.15','12.02.16','18.01.15',3925666,'Заочная','Бюджет','Окончание','Приглашение','Универ','06.09.14','06.10.15'),(93,'04.09.15','26.03.15','29.10.14',2054528,'Дневная','Платно','Отчисление','Перевод','Универ','28.09.15','11.09.15'),(94,'08.06.14','27.07.15','04.06.15',5784849,'Дневная','Бюджет','Отчисление','Приглашение','Универ','20.10.15','27.01.16'),(95,'13.03.14','21.02.15','24.01.16',5913904,'Дневная','Платно','Окончание','Приглашение','МГУ','06.06.14','27.11.14'),(96,'29.09.14','13.01.15','13.08.15',6822872,'Заочная','Бюджет','Окончание','Приглашение','МГУ','28.11.15','25.03.14'),(97,'15.12.14','25.12.15','18.05.14',679120,'Дневная','Платно','Отчисление','Приглашение','Универ','19.06.15','05.08.14'),(98,'15.04.14','29.08.15','21.01.16',3412036,'Дневная','Бюджет','Окончание','Приглашение','Универ','17.11.15','15.07.15'),(99,'24.02.15','23.07.15','27.03.15',5711330,'Заочная','Бюджет','Окончание','Приглашение','МГУ','25.04.15','05.11.15'),(100,'15.08.15','06.04.14','26.07.14',4686902,'Дневная','Бюджет','Отчисление','Приглашение','Универ','17.09.15','07.04.14'),(101,'04.01.15','13.05.14','14.05.15',6597967,'Заочная','Платно','Отчисление','Приглашение','МГУ','15.01.15','07.11.14'),(102,'10.10.15','04.11.15','30.01.16',5595443,'Заочная','Платно','Отчисление','Приглашение','МГУ','02.12.15','13.04.14'),(103,'01.03.15','04.03.15','05.03.14',7562254,'Дневная','Платно','Окончание','Перевод','МГУ','25.01.16','12.10.15'),(104,'08.11.14','07.12.15','28.10.14',9948718,'Заочная','Бюджет','Отчисление','Перевод','Универ','08.07.15','18.06.14'),(105,'17.08.15','11.05.14','19.11.14',224820,'Дневная','Бюджет','Окончание','Перевод','Универ','12.12.15','19.10.15'),(106,'07.11.15','13.09.15','03.02.15',1839908,'Заочная','Платно','Отчисление','Приглашение','МГУ','12.03.14','18.03.15'),(107,'26.03.14','26.05.15','21.02.15',821372,'Заочная','Платно','Отчисление','Перевод','МГУ','17.01.15','03.01.15'),(108,'30.03.15','24.08.15','11.06.14',524301,'Дневная','Платно','Отчисление','Перевод','МГУ','13.04.15','06.05.14'),(109,'22.09.14','02.07.14','20.03.14',8972313,'Дневная','Платно','Окончание','Перевод','МГУ','23.06.14','07.12.14'),(110,'31.05.15','09.12.14','06.09.15',5386239,'Дневная','Платно','Отчисление','Перевод','МГУ','12.11.15','01.08.14'),(111,'01.12.14','23.02.15','24.01.16',9082933,'Заочная','Платно','Окончание','Приглашение','МГУ','30.03.14','11.05.15'),(112,'17.11.14','23.11.14','16.02.16',3867532,'Дневная','Платно','Отчисление','Приглашение','МГУ','18.04.15','18.03.14'),(113,'07.01.16','07.02.15','24.10.15',2565626,'Заочная','Бюджет','Отчисление','Приглашение','Универ','02.06.14','23.04.15'),(114,'06.03.14','12.05.15','14.06.15',6914827,'Дневная','Платно','Окончание','Перевод','Универ','17.05.14','08.05.14'),(115,'27.03.14','26.04.15','18.04.14',4591446,'Заочная','Платно','Отчисление','Приглашение','МГУ','22.09.15','09.11.15'),(116,'24.02.15','03.09.14','02.01.15',5482353,'Дневная','Платно','Окончание','Приглашение','Универ','29.12.14','18.10.14'),(117,'12.03.14','30.10.14','28.02.15',3505775,'Дневная','Платно','Отчисление','Приглашение','МГУ','29.01.15','25.01.15'),(118,'07.01.16','28.10.15','20.09.14',605623,'Заочная','Бюджет','Окончание','Перевод','МГУ','03.12.15','18.08.15'),(119,'19.06.15','01.04.14','18.12.15',3624612,'Заочная','Платно','Окончание','Перевод','Универ','21.05.15','09.08.14'),(120,'01.07.15','08.09.15','22.12.15',8172621,'Заочная','Бюджет','Окончание','Перевод','МГУ','26.03.15','03.02.16'),(121,'01.05.14','13.02.16','15.04.15',5036120,'Дневная','Бюджет','Окончание','Перевод','МГУ','07.06.14','10.04.14'),(122,'06.09.14','25.01.15','30.12.15',4571576,'Дневная','Платно','Отчисление','Перевод','МГУ','08.11.15','16.05.15'),(123,'11.07.14','21.01.16','21.09.15',1968920,'Заочная','Платно','Окончание','Приглашение','МГУ','14.10.14','05.03.14'),(124,'15.03.14','25.02.16','22.05.14',2251266,'Заочная','Платно','Отчисление','Перевод','МГУ','14.02.16','26.03.14'),(125,'07.12.14','28.03.15','15.05.14',7222204,'Заочная','Бюджет','Отчисление','Приглашение','Универ','17.02.15','28.07.15'),(126,'12.06.15','23.09.15','17.05.14',6879222,'Заочная','Бюджет','Отчисление','Приглашение','Универ','27.04.14','19.12.14'),(127,'21.04.14','05.06.14','19.12.15',7776713,'Дневная','Платно','Отчисление','Перевод','Универ','11.02.15','01.01.16'),(128,'05.02.15','29.05.15','08.05.14',4015982,'Дневная','Платно','Отчисление','Перевод','МГУ','09.08.15','02.04.14'),(129,'07.01.16','04.08.15','04.07.15',1460033,'Дневная','Платно','Отчисление','Перевод','МГУ','10.01.16','28.01.16'),(130,'20.01.15','06.08.14','18.08.14',2621720,'Дневная','Платно','Окончание','Приглашение','Универ','05.05.14','02.08.14'),(131,'30.10.14','02.06.14','14.12.14',3562345,'Дневная','Бюджет','Отчисление','Перевод','МГУ','02.12.15','24.12.14'),(132,'28.01.16','04.08.14','24.09.14',2243376,'Дневная','Бюджет','Отчисление','Перевод','МГУ','29.09.15','27.06.14'),(133,'23.08.14','02.09.15','18.02.16',2452799,'Дневная','Платно','Окончание','Перевод','Универ','29.01.16','11.10.15'),(134,'17.11.14','24.02.15','09.09.15',769857,'Дневная','Платно','Отчисление','Приглашение','МГУ','09.12.15','07.05.14'),(135,'21.08.14','23.12.14','18.08.15',9769639,'Заочная','Бюджет','Отчисление','Приглашение','Универ','08.09.14','11.08.15'),(136,'13.09.15','15.06.14','23.02.16',2463424,'Заочная','Платно','Окончание','Перевод','Универ','23.06.14','26.02.16'),(137,'30.11.15','20.12.14','29.07.14',7957840,'Заочная','Платно','Отчисление','Приглашение','МГУ','12.11.14','28.05.15'),(138,'02.11.14','30.06.14','13.03.14',7079845,'Дневная','Платно','Отчисление','Приглашение','МГУ','24.08.15','13.08.15'),(139,'09.08.15','06.09.15','17.05.14',9317142,'Дневная','Бюджет','Отчисление','Перевод','МГУ','31.12.14','31.12.14'),(140,'23.04.15','20.12.15','13.12.14',5055576,'Заочная','Бюджет','Окончание','Приглашение','МГУ','01.07.15','08.05.15'),(141,'08.01.15','09.03.15','15.03.15',1466550,'Дневная','Платно','Отчисление','Приглашение','Универ','28.05.15','30.07.14'),(142,'28.02.16','14.10.14','20.01.15',2877407,'Дневная','Бюджет','Отчисление','Приглашение','Универ','15.03.15','06.10.14'),(143,'19.04.14','12.12.15','29.06.15',5788608,'Дневная','Бюджет','Отчисление','Перевод','Универ','03.01.15','17.07.15'),(144,'22.11.14','21.11.14','25.07.15',3892041,'Заочная','Платно','Отчисление','Приглашение','МГУ','18.03.15','23.05.14'),(145,'31.08.14','05.05.15','12.01.16',542181,'Заочная','Бюджет','Отчисление','Приглашение','Универ','28.06.14','07.01.16'),(146,'24.06.14','17.04.14','27.02.16',7856222,'Заочная','Платно','Окончание','Перевод','МГУ','13.02.16','27.06.15'),(147,'17.02.15','31.01.15','22.12.15',3969600,'Дневная','Платно','Окончание','Приглашение','Универ','05.10.14','03.07.14'),(148,'09.02.16','19.05.15','22.01.16',2076624,'Дневная','Бюджет','Окончание','Приглашение','МГУ','22.04.14','08.09.14'),(149,'03.12.15','08.02.15','28.04.15',8860400,'Заочная','Платно','Окончание','Перевод','Универ','15.09.14','15.07.14'),(150,'11.10.15','09.07.15','17.04.15',3155025,'Заочная','Платно','Отчисление','Приглашение','МГУ','03.08.14','26.09.14'),(151,'01.07.15','09.12.15','08.11.15',5885299,'Заочная','Платно','Отчисление','Приглашение','МГУ','13.05.15','04.07.14'),(152,'11.05.14','12.10.15','13.11.15',9093256,'Заочная','Бюджет','Окончание','Приглашение','МГУ','20.10.14','28.05.15'),(153,'21.08.14','25.11.14','21.08.14',6676385,'Дневная','Бюджет','Окончание','Приглашение','МГУ','21.06.14','17.07.15'),(154,'03.01.15','15.09.15','05.06.15',2590811,'Дневная','Платно','Отчисление','Перевод','МГУ','15.05.15','01.03.15'),(155,'09.11.14','05.11.15','07.04.14',9355765,'Заочная','Платно','Отчисление','Приглашение','МГУ','26.01.15','07.08.14'),(156,'09.07.14','13.08.14','18.02.16',3151834,'Заочная','Бюджет','Окончание','Перевод','Универ','15.04.15','28.11.15'),(157,'24.09.14','01.07.14','08.04.14',7293639,'Заочная','Платно','Отчисление','Перевод','МГУ','24.01.16','31.12.15'),(158,'27.02.15','19.03.14','28.02.15',3873470,'Заочная','Бюджет','Окончание','Приглашение','МГУ','29.01.16','06.12.14'),(159,'17.10.15','21.09.14','06.07.15',2142674,'Заочная','Платно','Отчисление','Приглашение','Универ','30.06.15','17.09.14'),(160,'30.09.15','09.07.14','03.07.15',2116687,'Заочная','Бюджет','Окончание','Перевод','Универ','09.10.14','09.06.15'),(161,'05.01.16','01.12.14','12.07.15',6257233,'Заочная','Бюджет','Отчисление','Перевод','МГУ','20.04.14','22.11.14'),(162,'23.09.14','19.03.15','10.04.14',8078974,'Заочная','Платно','Окончание','Приглашение','Универ','07.02.16','09.03.14'),(163,'26.04.15','07.10.15','23.07.15',2473586,'Дневная','Бюджет','Отчисление','Перевод','МГУ','01.12.15','03.02.15'),(164,'03.06.14','24.10.14','11.01.16',599230,'Заочная','Бюджет','Отчисление','Перевод','МГУ','22.03.15','15.07.14'),(165,'04.01.15','22.01.15','27.03.14',1901752,'Заочная','Платно','Окончание','Перевод','Универ','11.08.14','20.07.14'),(166,'12.02.15','15.06.15','13.08.15',1581706,'Заочная','Бюджет','Отчисление','Перевод','Универ','13.03.14','10.05.14'),(167,'21.08.14','06.04.15','08.11.15',8049917,'Заочная','Бюджет','Отчисление','Перевод','Универ','17.12.15','15.01.15'),(168,'22.05.15','05.06.15','19.03.14',3144554,'Дневная','Платно','Окончание','Приглашение','Универ','10.12.15','21.04.15'),(169,'02.06.14','08.05.14','20.04.15',4048268,'Дневная','Платно','Отчисление','Приглашение','Универ','29.10.14','24.04.14'),(170,'15.06.14','05.05.15','25.08.15',2899731,'Дневная','Бюджет','Отчисление','Приглашение','МГУ','14.09.15','21.06.14'),(171,'29.08.15','29.12.14','14.05.15',8192092,'Дневная','Бюджет','Окончание','Приглашение','Универ','28.07.14','11.07.15'),(172,'27.03.15','16.03.15','05.10.15',3063523,'Заочная','Бюджет','Окончание','Приглашение','МГУ','16.12.14','29.09.15'),(173,'14.09.14','21.07.14','24.05.15',739096,'Заочная','Платно','Окончание','Приглашение','МГУ','02.09.14','19.10.14'),(174,'14.07.15','05.11.15','02.01.15',8065870,'Дневная','Бюджет','Окончание','Перевод','МГУ','17.05.14','22.01.16'),(175,'27.11.15','05.05.15','11.06.15',2769632,'Заочная','Платно','Отчисление','Приглашение','Универ','08.06.15','18.08.15'),(176,'26.06.14','03.06.14','18.12.15',314395,'Дневная','Бюджет','Отчисление','Перевод','МГУ','10.10.14','24.08.15'),(177,'28.11.15','15.12.14','19.07.15',5310207,'Дневная','Платно','Окончание','Перевод','МГУ','21.02.15','16.01.15'),(178,'26.04.15','13.03.15','05.04.14',3583522,'Дневная','Платно','Окончание','Перевод','МГУ','24.08.15','06.02.16'),(179,'23.12.15','03.12.15','23.11.14',8007658,'Заочная','Бюджет','Окончание','Перевод','МГУ','08.10.14','26.01.16'),(180,'14.10.14','13.05.15','06.08.15',3150284,'Дневная','Платно','Отчисление','Приглашение','МГУ','09.11.15','08.04.15'),(181,'10.04.14','05.12.14','06.06.14',5169500,'Заочная','Платно','Окончание','Перевод','Универ','16.03.15','26.04.15'),(182,'04.09.15','23.01.15','02.04.15',5615485,'Заочная','Платно','Отчисление','Перевод','Универ','23.07.15','24.07.14'),(183,'29.07.15','25.09.15','25.12.15',5109552,'Дневная','Бюджет','Отчисление','Приглашение','МГУ','29.05.14','11.06.14'),(184,'22.04.15','12.01.15','03.07.15',7942077,'Дневная','Бюджет','Отчисление','Приглашение','МГУ','07.08.14','10.12.15'),(185,'23.01.15','09.12.14','20.11.14',3388209,'Дневная','Платно','Отчисление','Перевод','Универ','26.09.15','08.08.14'),(186,'14.01.16','18.01.16','30.12.15',382944,'Заочная','Бюджет','Отчисление','Перевод','Универ','13.11.14','18.07.14'),(187,'24.10.15','21.04.14','26.11.15',9599157,'Заочная','Платно','Отчисление','Перевод','Универ','01.04.15','28.08.14'),(188,'04.12.14','17.02.15','13.02.16',97306,'Дневная','Бюджет','Отчисление','Перевод','Универ','03.03.14','07.02.15'),(189,'06.03.14','03.11.14','17.10.14',3779178,'Заочная','Платно','Окончание','Перевод','МГУ','11.09.15','06.12.15'),(190,'30.04.14','06.02.15','19.09.15',5757075,'Заочная','Бюджет','Окончание','Перевод','Универ','26.02.16','20.04.14'),(191,'14.10.14','03.12.15','02.04.14',2280455,'Заочная','Бюджет','Отчисление','Перевод','МГУ','12.06.14','15.02.15'),(192,'29.09.14','22.08.14','07.03.15',9233306,'Заочная','Платно','Отчисление','Перевод','МГУ','22.07.14','09.04.15'),(193,'21.11.15','25.10.15','05.12.14',7947984,'Дневная','Платно','Отчисление','Перевод','МГУ','14.03.14','01.09.14'),(194,'21.12.14','23.12.15','24.08.14',6969930,'Заочная','Бюджет','Окончание','Перевод','МГУ','12.04.14','07.01.15'),(195,'23.06.14','10.11.14','22.10.15',4160525,'Дневная','Бюджет','Окончание','Перевод','Универ','16.12.14','08.03.14'),(196,'28.09.14','04.04.15','24.07.14',2511713,'Заочная','Бюджет','Окончание','Приглашение','Универ','13.10.15','20.12.15'),(197,'20.09.15','20.10.15','09.02.16',3634413,'Дневная','Бюджет','Окончание','Приглашение','Универ','08.04.15','19.04.15'),(198,'31.03.14','11.03.14','23.08.15',3270348,'Заочная','Платно','Окончание','Перевод','МГУ','22.02.16','28.12.15'),(199,'16.07.15','10.04.15','21.01.16',728707,'Дневная','Бюджет','Окончание','Перевод','МГУ','01.10.14','31.08.14'),(200,'03.10.15','09.06.14','14.06.15',6260323,'Дневная','Бюджет','Окончание','Приглашение','Универ','01.05.14','20.03.15');

/*******************************
		Студенты
*******************************/
INSERT INTO `interstudents`.`student`
(`student_id`,
`group_id`,
`country_id`,
`personal_info_id`,
`education_info_id`,
`hostel_id`,
`course`,
`first_name`,
`last_name`,
`middle_name`,
`fio_latin`,
`registration_address`,
`registration_end_date`,
`graduated`,
`receipt_date`,
`vacation`,
`vacation_start_date`,
`vacation_end_date`,
`line`)
VALUES
(1,'23','2',1,1,'1','5','Giacomo','Declan','Kirk','Oliver J. Woods','P.O. Box 282, 7216 Mauris St.','30.09.14','Mrs.','15.12.15',false,'21.11.14','14.06.15','ВНЕШНЯЯ'),(2,'31','1',2,2,'1','II','Cody','Ross','Patrick','Walter R. Mccray','Ap #100-6650 Lorem, St.','10.04.15','Dr.','03.11.14',true,'16.09.15','23.07.14','ИНАЯ'),(3,'25','1',3,3,'2','5','Tanek','Kibo','Rooney','Yolanda G. Leblanc','9000 Dis Av.','10.05.14','Mrs.','02.11.15',true,'07.11.15','05.05.14','ВНЕШНЯЯ'),(4,'32','4',4,4,'1','2','Kennedy','Kadeem','Jakeem','Wang Y. Chambers','537 Tincidunt St.','05.07.14','Ms.','06.05.15',true,'06.11.15','18.10.14','ВНЕШНЯЯ'),(5,'10','3',5,5,'1','III','Kane','Hakeem','Ronan','Jeanette S. Huffman','P.O. Box 899, 853 Non St.','06.04.15','Mr.','22.05.14',true,'30.01.16','01.02.15','ИНАЯ'),(6,'30','2',6,6,'1','III','Noah','Jonah','Colt','Carla I. Alvarez','P.O. Box 970, 6487 At Rd.','29.06.14','Ms.','17.08.14',true,'23.09.15','03.09.15','ГОС'),(7,'23','2',7,7,'2','II','Hayden','Yardley','Bruno','Tallulah J. Norman','P.O. Box 217, 8221 Vestibulum Street','10.05.15','Ms.','11.09.14',false,'19.07.15','10.06.15','ГОС'),(8,'17','4',8,8,'5','III','Chaney','Cain','Jarrod','Jenna M. Mcfarland','958-5445 Nunc Street','27.04.14','Dr.','15.12.14',true,'06.03.15','13.02.15','ИНАЯ'),(9,'15','3',9,9,'5','3','Rajah','Owen','Zahir','Audrey K. Key','P.O. Box 482, 1110 Aliquet Rd.','20.11.15','Dr.','15.11.15',true,'09.10.15','26.09.15','ГОС'),(10,'30','3',10,10,'5','0','Boris','Alden','Galvin','Megan C. Dale','781-1356 Nulla Road','17.08.14','Ms.','17.09.14',false,'19.07.14','02.06.14','ВНЕШНЯЯ'),(11,'32','1',11,11,'4','K','Rooney','Cruz','Thomas','Genevieve K. Brown','8759 Eros Rd.','25.05.15','','20.08.15',false,'14.01.16','22.09.15','ГОС'),(12,'38','3',12,12,'3','1','Anthony','Allistair','Rafael','Janna Q. Vazquez','P.O. Box 817, 778 Ultricies St.','27.04.14','Mrs.','02.11.14',true,'08.03.14','30.10.14','ГОС'),(13,'38','2',13,13,'3','1','Jerry','Devin','Aladdin','Shoshana V. Tyler','712-5851 Et Rd.','20.12.15','Dr.','12.06.15',true,'21.02.16','30.09.14','ВНЕШНЯЯ'),(14,'1','1',14,14,'1','5','Herman','Zahir','Michael','Stacy A. Brennan','P.O. Box 220, 2052 Euismod Av.','09.09.15','Mr.','16.06.14',true,'09.11.14','23.09.14','ВНЕШНЯЯ'),(15,'31','4',15,15,'5','II','Callum','Elvis','Dante','Freya O. Vincent','P.O. Box 363, 3108 Ut, Street','23.07.14','Ms.','09.12.14',true,'12.01.16','08.05.14','ГОС'),(16,'18','6',16,16,'2','2','Emmanuel','Arthur','Grant','Quentin B. Terry','P.O. Box 211, 1099 Eget Avenue','05.07.15','','09.04.15',false,'22.07.15','24.05.14','ИНАЯ'),(17,'17','5',17,17,'2','5','Connor','Judah','Boris','Cullen O. Wright','409-1889 Sit Rd.','21.02.16','Ms.','04.05.14',false,'02.06.14','06.11.15','ГОС'),(18,'19','5',18,18,'4','5','Graham','Lyle','Kennan','Zenia H. Skinner','P.O. Box 728, 2864 Gravida. Avenue','18.12.15','','01.11.14',false,'29.02.16','13.02.15','ВНЕШНЯЯ'),(19,'22','3',19,19,'3','3','Jordan','Patrick','Jonas','Dale G. Garza','5334 Curabitur Rd.','29.01.16','Ms.','13.04.15',true,'09.05.15','29.01.15','ВНЕШНЯЯ'),(20,'21','4',20,20,'5','2','Knox','Malik','Brian','Jasmine V. Austin','279-3042 Ut, St.','25.03.15','Ms.','13.03.15',false,'09.01.15','21.01.15','ИНАЯ'),(21,'11','6',21,21,'1','II','Hamilton','Laith','George','McKenzie G. Medina','487-4889 Sollicitudin Road','06.04.15','Mr.','03.10.15',false,'27.06.15','14.02.15','ВНЕШНЯЯ'),(22,'39','6',22,22,'3','3','Channing','Neville','Lucius','Priscilla F. Butler','4184 Ridiculus Av.','06.10.15','Mr.','06.05.15',false,'27.08.14','30.04.15','ИНАЯ'),(23,'32','2',23,23,'1','2','Linus','Jason','Henry','Helen N. Rose','Ap #486-8929 Tempor, Ave','01.04.14','Ms.','12.10.14',true,'30.05.15','10.08.14','ИНАЯ'),(24,'31','2',24,24,'4','4','Ethan','Driscoll','Xanthus','Travis B. Lott','308-8669 Nec St.','23.09.15','Mr.','19.11.15',false,'03.09.15','20.06.14','ВНЕШНЯЯ'),(25,'16','3',25,25,'4','4','Marvin','Bevis','Rashad','Harrison V. Fernandez','Ap #388-8873 Pede Rd.','08.11.15','Mrs.','03.03.16',true,'14.02.16','12.08.14','ГОС'),(26,'37','3',26,26,'4','III','Clarke','Charles','Reece','Kylan L. Levy','P.O. Box 322, 5385 Consectetuer, Ave','16.08.15','Mr.','25.09.14',false,'11.05.14','30.08.14','ВНЕШНЯЯ'),(27,'26','4',27,27,'3','2','Ray','Barclay','David','Dorian J. Rosales','Ap #277-2034 Bibendum St.','08.03.15','Mrs.','06.03.14',false,'08.05.14','18.07.15','ВНЕШНЯЯ'),(28,'21','5',28,28,'3','III','Dale','Jamal','Brenden','Oren N. Bright','P.O. Box 118, 6511 Eu Street','19.12.14','Mrs.','08.08.15',false,'05.06.15','15.06.15','ИНАЯ'),(29,'22','2',29,29,'4','I','Shad','Ferdinand','Brendan','Thane V. Chambers','601-5324 Ligula. Rd.','24.11.15','Dr.','29.02.16',false,'14.09.15','25.04.14','ИНАЯ'),(30,'12','1',30,30,'5','1','Reese','Colton','Hayden','Chadwick E. Pruitt','746-3033 Ante Ave','15.04.15','','05.06.14',false,'22.11.15','22.02.16','ВНЕШНЯЯ'),(31,'20','4',31,31,'1','2','Tad','Kennedy','Emerson','Vivian A. Compton','P.O. Box 654, 5019 Donec Rd.','30.04.15','Mr.','02.09.14',false,'14.06.14','15.04.14','ГОС'),(32,'26','1',32,32,'4','2','Igor','Norman','Samson','Aretha M. Nielsen','Ap #991-8644 Ligula. Avenue','10.03.14','Dr.','08.01.16',true,'30.01.16','13.11.15','ИНАЯ'),(33,'5','4',33,33,'2','5','Paki','Edan','Thaddeus','Sonia T. Myers','3271 Quis Rd.','11.04.14','','11.07.15',false,'02.06.14','19.12.15','ВНЕШНЯЯ'),(34,'24','4',34,34,'5','2','Xander','Sawyer','Dustin','Dalton Y. May','743-214 Nonummy Av.','07.06.14','','17.07.14',false,'01.07.15','07.09.15','ГОС'),(35,'17','6',35,35,'4','K','Jerry','Griffin','Leonard','Judith O. Carroll','P.O. Box 968, 1473 Ac Rd.','25.11.15','Mrs.','17.12.14',false,'26.12.14','19.12.15','ВНЕШНЯЯ'),(36,'23','5',36,36,'3','3','John','Thane','Stephen','Harrison O. Mckenzie','P.O. Box 944, 7872 Ac Av.','29.03.14','Ms.','04.07.14',false,'30.06.14','24.06.15','ГОС'),(37,'9','5',37,37,'2','II','Neil','Caldwell','Tiger','Quin P. Berry','Ap #471-5626 Vel Street','14.10.14','Ms.','22.04.14',false,'23.01.16','30.06.14','ИНАЯ'),(38,'37','4',38,38,'1','0','Reese','Jermaine','Brett','Abigail X. Wiley','Ap #967-7349 Lobortis Street','28.01.15','','29.10.14',false,'20.05.14','29.03.14','ГОС'),(39,'8','6',39,39,'4','III','Eagan','Aaron','Christian','Cullen S. Forbes','404 Nullam Road','27.08.15','Mr.','23.06.15',true,'12.11.14','15.06.14','ИНАЯ'),(40,'25','6',40,40,'1','K','Jin','Giacomo','Mohammad','Dai J. Mccoy','Ap #297-5757 Curabitur Avenue','15.01.16','Mrs.','06.10.15',false,'17.03.15','28.03.15','ГОС'),(41,'37','1',41,41,'2','5','Drake','Cole','Keefe','Jared Y. Allen','253-1921 Ipsum Street','10.03.15','Ms.','30.01.15',true,'09.04.14','23.09.15','ВНЕШНЯЯ'),(42,'22','3',42,42,'2','K','Reuben','Fritz','Gareth','Phelan U. Wise','Ap #187-1158 Dis Av.','03.02.15','Mrs.','17.05.15',true,'18.03.14','30.09.14','ИНАЯ'),(43,'35','3',43,43,'3','I','Melvin','Daquan','Phillip','Zephania W. Sharp','Ap #942-5814 Magna, St.','04.02.16','','23.01.16',true,'17.02.15','05.09.14','ВНЕШНЯЯ'),(44,'7','3',44,44,'5','0','Mufutau','Ross','Flynn','Gillian D. Sanders','P.O. Box 793, 6269 Amet, Av.','23.05.14','Ms.','16.06.14',true,'16.02.16','17.03.14','ВНЕШНЯЯ'),(45,'31','5',45,45,'3','3','Tanner','Gray','Dean','Barry D. Cash','5711 Orci Street','10.10.14','Ms.','21.03.14',false,'12.01.16','28.07.15','ГОС'),(46,'4','4',46,46,'2','III','Wang','Gil','Brenden','Drake R. Francis','Ap #699-2965 Parturient Rd.','11.01.15','','01.02.15',true,'28.08.14','27.08.15','ГОС'),(47,'25','6',47,47,'5','2','Hashim','Carson','Drew','Maite L. Knapp','369-7680 Elementum St.','10.03.15','Ms.','27.02.16',false,'23.01.16','07.11.14','ИНАЯ'),(48,'8','5',48,48,'5','4','Moses','Victor','Chadwick','Gary G. Tyson','P.O. Box 479, 5996 Eget Avenue','16.04.14','Dr.','18.10.15',true,'30.08.15','20.10.15','ВНЕШНЯЯ'),(49,'12','3',49,49,'5','II','Lars','Armand','Hector','Logan T. Lamb','Ap #453-6455 Lacinia Av.','28.04.15','','17.11.15',false,'11.09.14','07.05.15','ВНЕШНЯЯ'),(50,'39','1',50,50,'1','4','Clayton','Asher','Herman','Dana R. Blackburn','802-6444 A, Road','09.08.14','','13.08.15',false,'27.03.14','18.06.15','ГОС'),(51,'11','3',51,51,'5','3','Nissim','Murphy','Walter','Edward K. Howard','Ap #236-3554 Sodales Av.','10.04.14','','26.12.15',true,'04.04.15','02.10.14','ВНЕШНЯЯ'),(52,'17','3',52,52,'5','II','Shad','Stephen','Logan','Illana L. Woodard','Ap #178-1328 Vivamus Rd.','21.09.14','Mr.','25.08.15',false,'02.03.15','17.11.15','ГОС'),(53,'13','6',53,53,'4','III','Walter','Jameson','Cairo','Kiayada U. Travis','2912 Nisi Street','03.01.15','Mrs.','29.11.14',false,'30.08.15','05.01.15','ВНЕШНЯЯ'),(54,'20','6',54,54,'1','0','Xavier','Reed','Akeem','Carla E. Hawkins','425-3652 Parturient St.','12.08.15','Dr.','06.03.15',false,'11.12.15','25.12.14','ВНЕШНЯЯ'),(55,'29','1',55,55,'2','3','Eagan','Raymond','Cullen','Chandler S. Guthrie','Ap #936-2866 Faucibus St.','15.07.14','Ms.','12.08.14',false,'04.08.14','05.07.15','ИНАЯ'),(56,'8','2',56,56,'3','5','Carlos','Kuame','Marsden','Travis C. Reynolds','1156 Vulputate, Road','22.06.14','','26.05.14',false,'11.04.14','05.09.14','ИНАЯ'),(57,'36','4',57,57,'4','5','Warren','Emerson','Ulric','Zenia Y. Douglas','P.O. Box 393, 7362 Hendrerit. Rd.','12.12.15','Ms.','07.12.15',false,'14.02.15','27.03.14','ИНАЯ'),(58,'21','4',58,58,'5','0','Ashton','Alvin','Wylie','Allistair S. Johnson','576-3159 Aliquam Street','24.03.14','Mr.','16.09.15',false,'12.05.15','22.03.15','ВНЕШНЯЯ'),(59,'10','1',59,59,'1','3','Bruno','Neil','Aidan','Donna L. Merrill','P.O. Box 233, 6292 Molestie Rd.','28.06.14','Ms.','09.07.15',true,'17.04.15','09.07.15','ВНЕШНЯЯ'),(60,'23','5',60,60,'5','K','James','Quinn','Tyler','Marshall B. Morse','4635 Integer St.','30.06.15','Mr.','25.01.16',false,'21.08.15','25.11.15','ГОС'),(61,'11','3',61,61,'3','2','Barclay','Dalton','Ian','Martina J. Macias','Ap #112-2619 Eu St.','05.06.14','Dr.','02.02.15',false,'19.09.14','30.03.14','ВНЕШНЯЯ'),(62,'4','3',62,62,'5','3','Dustin','Hall','Chadwick','Hillary G. Wiley','P.O. Box 831, 7622 Phasellus Rd.','22.09.15','Mr.','02.06.15',true,'06.05.15','07.12.14','ВНЕШНЯЯ'),(63,'12','6',63,63,'4','III','Cadman','Chaney','Clarke','Bert L. Ayers','P.O. Box 639, 2302 Nulla Ave','01.08.14','Mr.','26.12.14',true,'15.12.15','24.12.14','ГОС'),(64,'37','3',64,64,'1','III','Troy','Isaiah','Kelly','Germaine H. Anderson','Ap #167-8606 Tempus St.','22.01.16','','26.01.15',true,'30.01.16','26.08.15','ИНАЯ'),(65,'26','2',65,65,'1','3','Allen','Thane','Hu','Emi D. Cabrera','4678 Eu Street','13.03.14','','17.12.15',false,'23.04.14','24.01.16','ВНЕШНЯЯ'),(66,'35','1',66,66,'1','4','Colton','Declan','Ferdinand','Jesse T. Stout','6898 Dis St.','12.03.15','Mrs.','17.11.14',false,'14.12.15','13.12.14','ГОС'),(67,'11','6',67,67,'5','2','Seth','Craig','Zahir','Justin H. Gray','948-9434 Turpis Rd.','28.01.15','Ms.','04.07.15',true,'23.08.15','06.06.15','ИНАЯ'),(68,'14','2',68,68,'3','1','Gareth','Todd','Cadman','Logan D. Tillman','Ap #355-8744 Massa. St.','23.11.15','Mr.','05.11.15',true,'14.03.15','12.03.14','ГОС'),(69,'8','2',69,69,'5','1','Hop','Clinton','Grant','Lois R. Burks','661-102 Iaculis Av.','01.05.15','Mr.','07.11.14',true,'30.05.15','30.12.14','ИНАЯ'),(70,'22','4',70,70,'5','5','Sean','Jerome','Cade','Rinah M. Schultz','P.O. Box 753, 2819 Neque Rd.','02.05.14','Mr.','25.10.14',false,'27.05.15','12.09.15','ГОС'),(71,'27','2',71,71,'5','III','Todd','Philip','Jason','Hedley A. Boone','1718 Nulla. Road','27.11.14','Dr.','14.08.14',false,'29.11.14','25.11.14','ГОС'),(72,'30','5',72,72,'3','2','Wayne','Dante','Raymond','Alden S. Livingston','P.O. Box 243, 3145 Diam Street','30.06.14','','24.09.15',false,'26.04.15','23.07.15','ВНЕШНЯЯ'),(73,'19','4',73,73,'5','5','Omar','Wallace','Ronan','Laith R. Dean','8385 Cras Rd.','20.06.14','','21.09.14',true,'12.11.15','30.12.14','ВНЕШНЯЯ'),(74,'31','5',74,74,'2','0','Wing','Ivan','Eagan','George L. Morrow','186-2999 Enim, St.','15.12.14','Ms.','09.09.14',false,'30.06.15','02.06.15','ВНЕШНЯЯ'),(75,'20','5',75,75,'3','I','Jonas','Paul','Alvin','Gemma A. Rutledge','486-7994 Nam Av.','03.02.15','Dr.','13.02.15',false,'21.06.14','06.09.14','ВНЕШНЯЯ'),(76,'4','2',76,76,'3','2','Melvin','Leo','Tad','Hall Z. Dotson','906-2954 Tristique Avenue','14.05.14','Dr.','22.12.15',false,'22.11.14','29.07.14','ВНЕШНЯЯ'),(77,'15','4',77,77,'1','2','Jakeem','Lucas','Erasmus','Reagan R. Strong','P.O. Box 588, 3206 Curae; Ave','17.04.14','Mr.','12.12.14',true,'06.05.14','29.11.15','ГОС'),(78,'39','2',78,78,'1','I','Griffith','Nehru','Garrison','Liberty H. Oliver','Ap #432-1102 Lectus, Street','11.01.16','','04.09.14',true,'10.06.15','05.12.15','ГОС'),(79,'35','1',79,79,'4','1','Thor','Thomas','Paul','Shelly A. Chambers','3674 Lorem Avenue','19.10.14','Dr.','13.05.15',false,'06.05.15','07.01.16','ИНАЯ'),(80,'26','2',80,80,'5','3','Warren','Devin','Trevor','Jamal E. Whitley','P.O. Box 887, 2891 Volutpat Avenue','26.05.15','Mr.','24.03.14',false,'26.09.15','02.06.15','ГОС'),(81,'31','6',81,81,'5','1','Kennan','Knox','Caesar','Justin L. Battle','399-395 Dictum Ave','08.07.14','Mrs.','20.09.14',true,'07.02.15','14.08.14','ГОС'),(82,'10','2',82,82,'4','III','Burton','Galvin','Michael','Florence U. Patterson','7185 Aliquam Street','13.04.15','Ms.','17.07.15',false,'07.10.14','15.12.14','ИНАЯ'),(83,'15','3',83,83,'3','1','Samson','Chester','Prescott','Aaron J. Harvey','Ap #771-2412 Nam Street','11.05.14','Ms.','17.06.15',true,'15.09.14','13.08.14','ИНАЯ'),(84,'31','4',84,84,'3','3','Trevor','Kevin','Dale','Salvador Y. Cook','Ap #770-2123 Elit, Ave','21.04.14','Mr.','10.08.15',false,'26.07.15','30.01.16','ГОС'),(85,'32','5',85,85,'5','III','Adam','Xander','Cedric','Margaret V. Mack','132-2937 Lacus. Avenue','07.07.14','Dr.','21.10.15',true,'10.12.15','05.08.15','ГОС'),(86,'9','3',86,86,'3','1','Jameson','Rigel','Melvin','Zelenia L. Vaughn','809-3566 In Ave','30.01.16','Mrs.','18.04.14',true,'19.04.14','27.08.15','ГОС'),(87,'38','5',87,87,'1','3','Aristotle','Derek','Reece','Chiquita S. Maldonado','P.O. Box 789, 3638 Etiam Street','14.11.14','Dr.','23.11.15',false,'04.04.14','30.12.14','ИНАЯ'),(88,'18','2',88,88,'4','I','Odysseus','Darius','Nathan','Kasper V. Rivas','P.O. Box 593, 4190 Non Rd.','11.08.14','Ms.','25.04.15',false,'24.09.15','05.08.14','ГОС'),(89,'25','3',89,89,'4','5','Noah','Steel','Buckminster','Taylor O. Emerson','Ap #383-9260 Amet Rd.','11.05.15','Mrs.','17.10.14',true,'30.07.15','30.12.15','ГОС'),(90,'30','2',90,90,'3','2','Edan','Fulton','Raja','Jamal I. Morrison','P.O. Box 164, 7239 Cras St.','24.08.15','Mrs.','13.07.15',true,'14.06.15','14.06.15','ВНЕШНЯЯ'),(91,'7','3',91,91,'3','5','Russell','Slade','Cairo','Daryl H. Reeves','P.O. Box 692, 6072 Nulla St.','23.09.15','Mrs.','03.05.15',true,'22.01.15','07.08.14','ГОС'),(92,'5','5',92,92,'5','5','Kirk','Brody','Lars','Jason X. Jennings','P.O. Box 509, 2471 Duis Ave','30.11.14','','19.07.15',false,'20.11.15','19.11.15','ГОС'),(93,'4','4',93,93,'2','0','Kibo','Evan','Bevis','Nayda Y. Strickland','P.O. Box 727, 6890 Aliquet, Street','20.07.14','','04.01.15',true,'11.05.14','22.03.14','ВНЕШНЯЯ'),(94,'12','5',94,94,'3','4','Cody','Gareth','Byron','Nicholas V. Gonzales','Ap #899-935 Sagittis Ave','16.07.15','Mrs.','03.12.15',false,'08.10.15','11.12.14','ИНАЯ'),(95,'28','5',95,95,'1','1','Cade','Keefe','Mohammad','Christopher U. Fletcher','P.O. Box 265, 1606 Mauris Avenue','27.10.14','Ms.','20.06.15',true,'15.12.14','02.05.15','ГОС'),(96,'3','6',96,96,'2','4','Arthur','Mannix','Harper','Cassady R. Morrison','P.O. Box 555, 8575 Lobortis Av.','30.09.15','Ms.','04.12.15',false,'02.01.16','15.01.16','ИНАЯ'),(97,'36','1',97,97,'1','K','Jasper','Asher','Clinton','Juliet R. Best','P.O. Box 209, 7606 Nullam St.','26.04.14','Ms.','21.06.15',true,'09.11.15','28.10.14','ГОС'),(98,'25','4',98,98,'5','2','Hedley','Chandler','Kibo','Mikayla C. Kirkland','809-4377 Elit. Avenue','29.11.14','Mr.','02.05.14',false,'09.11.15','08.06.14','ГОС'),(99,'33','6',99,99,'4','K','Norman','Salvador','Devin','Davis N. Schwartz','Ap #204-522 Enim. Road','13.10.15','Dr.','22.07.15',true,'27.09.15','06.06.14','ВНЕШНЯЯ'),(100,'11','1',100,100,'3','0','Jameson','Herrod','Cain','Ora I. Warner','P.O. Box 190, 903 Fermentum St.','27.03.15','Mrs.','26.05.15',true,'07.08.15','28.06.14','ВНЕШНЯЯ'),(101,'33','4',101,101,'2','1','Reed','Austin','Steven','Tyrone S. Woodward','P.O. Box 287, 5745 Ac Ave','20.08.15','','07.10.15',true,'05.04.15','23.08.15','ГОС'),(102,'9','4',102,102,'2','K','Chaim','Hyatt','Abbot','Alyssa B. Wiley','711-398 Sed St.','26.11.15','Mrs.','17.04.14',false,'12.02.15','20.07.15','ГОС'),(103,'32','3',103,103,'2','III','Ezra','Kaseem','Arsenio','Aretha B. Mitchell','Ap #180-3672 Libero Avenue','26.02.16','Mr.','22.10.15',true,'01.09.15','16.08.14','ВНЕШНЯЯ'),(104,'4','4',104,104,'5','K','Carl','Lucian','Francis','Flavia M. Mccormick','P.O. Box 758, 9162 Elit. Rd.','04.02.15','Ms.','09.02.16',false,'21.10.15','02.04.15','ИНАЯ'),(105,'35','2',105,105,'3','1','Talon','Fitzgerald','Cyrus','Ariana C. Leon','Ap #402-787 Aliquet. St.','24.12.15','Dr.','10.12.15',false,'16.02.15','29.05.15','ГОС'),(106,'13','2',106,106,'1','5','Bernard','Armando','Reed','Dante S. Young','P.O. Box 422, 7635 Nunc St.','21.04.15','Ms.','13.06.14',false,'03.11.15','07.02.15','ВНЕШНЯЯ'),(107,'4','3',107,107,'1','II','William','Phillip','Lamar','Talon D. Woodward','9318 Dolor. Ave','21.04.15','','27.12.14',false,'08.09.15','27.08.14','ИНАЯ'),(108,'9','5',108,108,'3','K','Colton','Ishmael','Quamar','Harriet H. Russell','P.O. Box 305, 6372 Ante. St.','16.08.14','Dr.','21.08.15',true,'02.01.15','03.05.14','ИНАЯ'),(109,'10','2',109,109,'3','5','Kyle','Thane','Ivor','Sophia D. Castillo','266-1603 Odio, Road','24.10.15','Dr.','12.05.14',false,'29.08.15','16.01.15','ИНАЯ'),(110,'39','5',110,110,'3','1','Raja','Stuart','Slade','Lisandra N. Medina','475-7315 Et, St.','21.12.15','Mr.','06.09.15',true,'31.12.15','18.09.14','ИНАЯ'),(111,'21','3',111,111,'1','3','Joel','Dolan','Evan','Xantha P. Martin','2257 Et, Rd.','25.05.15','','27.09.14',false,'04.02.16','26.11.15','ВНЕШНЯЯ'),(112,'6','5',112,112,'5','3','Denton','Blake','Benedict','Cairo Z. Maxwell','Ap #436-6844 Malesuada. Ave','24.01.16','Mrs.','10.08.15',false,'19.07.15','08.05.15','ИНАЯ'),(113,'25','5',113,113,'5','I','Linus','Jack','Wesley','Phoebe Z. Mccarthy','P.O. Box 857, 6884 Lorem, St.','14.09.15','Mr.','05.08.15',false,'10.04.14','05.04.15','ГОС'),(114,'31','3',114,114,'3','1','Nasim','Emerson','Elmo','Hakeem C. Justice','711 Lobortis St.','18.11.14','','23.08.15',false,'03.11.15','27.04.14','ИНАЯ'),(115,'10','5',115,115,'4','I','Malachi','Cadman','Bruno','Xavier Z. Johnston','171 Faucibus Avenue','21.11.14','','07.09.15',false,'26.02.16','15.11.15','ГОС'),(116,'5','5',116,116,'1','II','Nash','Neil','Drew','Quintessa X. Donaldson','Ap #259-4889 Enim, Avenue','06.09.14','','21.03.15',true,'10.04.14','09.09.15','ИНАЯ'),(117,'13','2',117,117,'4','4','Evan','Raymond','Gage','Yoko L. Pope','P.O. Box 244, 9130 Nulla. Street','07.06.15','Dr.','11.03.15',true,'04.11.15','14.01.16','ГОС'),(118,'25','6',118,118,'4','3','Clarke','Howard','Orson','Joshua O. Savage','Ap #372-1846 Nulla Rd.','19.02.16','Ms.','26.02.15',false,'11.02.16','11.01.15','ВНЕШНЯЯ'),(119,'10','3',119,119,'3','4','Eagan','Tad','Omar','Hermione J. Griffin','Ap #975-5245 Pellentesque Av.','22.03.14','Mrs.','11.02.15',true,'20.02.16','17.09.15','ИНАЯ'),(120,'3','6',120,120,'5','5','Noble','Dominic','Nasim','Olivia M. Hyde','2880 Eget Street','16.05.14','','24.01.15',true,'11.04.14','27.02.15','ГОС'),(121,'30','3',121,121,'4','0','Eaton','Wylie','Lev','Hilel M. Mendez','661 Phasellus Avenue','04.10.15','Ms.','11.11.14',true,'03.09.15','23.02.16','ИНАЯ'),(122,'39','1',122,122,'5','2','Wade','Mason','Colorado','Kimberley B. Keller','9064 Auctor Avenue','28.12.15','Dr.','07.01.15',false,'11.01.16','29.04.15','ГОС'),(123,'16','2',123,123,'1','4','Holmes','John','Roth','Jelani Q. Hinton','Ap #162-6711 Purus Rd.','14.03.15','Ms.','21.12.14',true,'20.12.15','13.11.15','ВНЕШНЯЯ'),(124,'10','5',124,124,'3','1','Berk','Raphael','Derek','Silas Q. Luna','Ap #764-8647 Orci. Rd.','08.04.14','','05.01.16',true,'25.04.15','11.06.14','ИНАЯ'),(125,'23','6',125,125,'3','0','Carter','Sawyer','Orlando','Nash P. Chambers','P.O. Box 812, 7884 Vitae Avenue','21.04.14','Ms.','21.02.16',true,'27.06.15','09.11.15','ИНАЯ'),(126,'38','2',126,126,'2','2','Hyatt','Dennis','Kadeem','Iris K. Gay','Ap #835-3538 Donec Rd.','12.02.15','Ms.','04.01.16',false,'20.10.15','20.02.16','ВНЕШНЯЯ'),(127,'13','3',127,127,'3','0','Yardley','Bruno','Emerson','Kerry R. Burt','8468 Maecenas Street','10.11.15','','21.04.15',true,'22.03.15','25.07.15','ИНАЯ'),(128,'19','4',128,128,'1','II','Lance','Callum','Jerry','Lenore H. Guerra','799-4841 Et Road','26.07.15','Mr.','26.02.15',false,'24.06.15','17.01.15','ИНАЯ'),(129,'21','5',129,129,'5','K','Damon','Lamar','Adrian','Blair R. Hudson','192-8617 Odio. Ave','19.12.15','Ms.','29.05.14',true,'31.01.15','27.12.14','ГОС'),(130,'1','5',130,130,'5','2','Rogan','John','Colt','Elijah G. Brock','4642 Lobortis St.','18.10.14','Ms.','11.12.15',false,'12.02.15','01.07.14','ВНЕШНЯЯ'),(131,'17','2',131,131,'3','5','Samson','Drake','Lars','Shad M. William','705-5043 Nonummy Ave','23.11.14','Dr.','09.10.14',false,'09.12.15','30.11.15','ИНАЯ'),(132,'30','4',132,132,'3','5','Porter','Wallace','Charles','Florence Z. Odom','7213 A, Rd.','22.11.15','Dr.','30.03.14',true,'07.11.15','23.11.14','ГОС'),(133,'31','6',133,133,'4','5','Darius','Tyler','Martin','Piper B. Olsen','683-7072 Dignissim St.','17.08.14','','04.10.14',true,'16.06.14','07.05.14','ГОС'),(134,'10','6',134,134,'5','0','Wesley','Xander','Rigel','Rudyard E. Cummings','2474 Enim. St.','06.09.14','Mr.','30.06.15',true,'24.02.15','20.01.15','ИНАЯ'),(135,'13','3',135,135,'5','I','Eaton','Arden','Giacomo','Shad I. Miles','P.O. Box 700, 9734 Consectetuer Road','13.01.16','Mr.','09.08.14',false,'04.12.14','12.03.14','ВНЕШНЯЯ'),(136,'14','6',136,136,'2','III','Colt','Caleb','Uriah','Kendall U. Perez','914-5035 Semper Ave','12.10.15','Dr.','09.02.16',false,'04.03.16','20.11.15','ВНЕШНЯЯ'),(137,'19','6',137,137,'1','I','Jonah','Buckminster','Leo','Pearl Z. Blevins','747 Fringilla Av.','08.04.14','Ms.','17.12.15',false,'06.12.15','22.01.16','ГОС'),(138,'5','6',138,138,'2','I','Kirk','Troy','Neville','Evan O. Tyson','3951 Et St.','07.09.15','Dr.','16.11.14',false,'04.07.14','17.02.16','ГОС'),(139,'21','3',139,139,'4','1','Len','Denton','Lawrence','Indira C. Hodges','520-8591 Natoque Rd.','24.08.15','Dr.','08.09.15',false,'09.06.14','09.07.15','ИНАЯ'),(140,'3','2',140,140,'1','II','Caesar','Joel','Neil','Yoshi F. Payne','8500 Purus Rd.','26.12.15','Ms.','05.04.14',true,'19.06.14','08.05.14','ВНЕШНЯЯ'),(141,'25','5',141,141,'3','3','Abel','Benjamin','Adrian','Jolene Z. Carver','3390 Ut Ave','09.08.14','Mr.','23.07.15',false,'28.11.15','03.10.15','ИНАЯ'),(142,'34','6',142,142,'1','4','Harding','Chadwick','Beck','Coby L. Pratt','P.O. Box 611, 9575 Est. Rd.','27.04.15','Dr.','12.10.14',true,'18.04.15','20.12.15','ВНЕШНЯЯ'),(143,'26','6',143,143,'3','I','Jacob','Lee','Brett','Lavinia P. Young','681-306 Mollis. Av.','14.10.15','','24.12.15',true,'03.02.15','26.01.16','ИНАЯ'),(144,'35','6',144,144,'1','III','Uriel','Logan','Alexander','Clio Y. Alvarado','7325 Semper Street','08.01.15','Mrs.','04.11.14',true,'26.08.14','25.04.15','ГОС'),(145,'27','2',145,145,'2','4','Porter','Gray','Oscar','Maya L. Knowles','503 Ridiculus Rd.','29.07.14','','19.08.14',true,'16.07.14','29.12.14','ВНЕШНЯЯ'),(146,'16','3',146,146,'3','2','Jason','Tyrone','Zachery','Paula R. Ruiz','704-4036 Auctor Ave','22.08.14','Ms.','17.06.14',true,'16.09.14','26.01.16','ИНАЯ'),(147,'18','6',147,147,'1','II','Hashim','Kasimir','Leo','Leilani V. Daniel','P.O. Box 192, 6154 Magna. St.','04.10.15','Ms.','16.07.14',true,'29.08.14','26.02.15','ВНЕШНЯЯ'),(148,'9','6',148,148,'5','II','Chaney','Simon','Aristotle','Benedict Q. Lamb','P.O. Box 356, 5078 Nullam Street','10.03.14','Mr.','04.10.15',true,'19.09.15','20.09.15','ВНЕШНЯЯ'),(149,'18','3',149,149,'1','K','Nathaniel','Aquila','Ezekiel','Dexter K. Montoya','942-7683 Dis Rd.','15.04.15','','04.01.16',false,'09.06.14','31.10.15','ИНАЯ'),(150,'7','4',150,150,'1','I','Salvador','Raphael','Linus','Madeson H. Callahan','P.O. Box 176, 1230 Nec, Road','21.07.15','Dr.','21.11.14',true,'18.07.15','04.04.15','ГОС'),(151,'4','1',151,151,'5','II','Adam','Elijah','Duncan','Irma D. Rich','823-3404 Malesuada Ave','19.02.16','','18.04.14',false,'30.05.14','24.11.15','ВНЕШНЯЯ'),(152,'32','1',152,152,'3','3','Forrest','Igor','Ali','Porter H. Patrick','Ap #408-1689 Eget Rd.','01.09.14','','19.11.15',true,'26.04.15','10.01.15','ИНАЯ'),(153,'21','4',153,153,'4','1','Martin','Kirk','Eaton','Kibo K. Perez','P.O. Box 965, 6971 Interdum. St.','07.12.15','Mrs.','08.03.14',false,'17.08.14','08.11.14','ГОС'),(154,'32','6',154,154,'4','II','Baker','Tucker','Talon','Britanney W. Mckinney','768-3200 Montes, Av.','26.11.15','Ms.','04.02.16',false,'31.10.14','09.01.16','ВНЕШНЯЯ'),(155,'6','2',155,155,'3','2','Plato','Kenneth','Ezra','Jana A. Ramsey','P.O. Box 732, 752 Arcu. Street','05.09.14','Dr.','06.02.15',true,'28.08.14','16.05.14','ВНЕШНЯЯ'),(156,'32','1',156,156,'4','I','Lee','Benedict','Garrison','Amber J. Conway','2448 Lorem, Ave','15.09.14','Ms.','17.10.14',false,'30.01.15','09.11.15','ГОС'),(157,'22','4',157,157,'5','I','Byron','Leroy','Trevor','Miriam T. Benson','P.O. Box 103, 2811 Bibendum. Avenue','21.09.14','Mr.','01.10.15',false,'19.05.14','28.04.15','ИНАЯ'),(158,'23','1',158,158,'3','0','Stewart','Upton','Marshall','Teegan U. Odonnell','P.O. Box 969, 2592 Nullam Rd.','25.08.14','','03.06.15',true,'13.06.14','30.06.15','ГОС'),(159,'29','2',159,159,'2','II','Hiram','Joel','Neil','Graham M. Ayala','Ap #581-3254 Ante Avenue','05.07.14','Dr.','11.09.14',true,'17.07.15','24.10.15','ИНАЯ'),(160,'26','4',160,160,'5','III','Felix','Walker','Coby','Reese B. Carter','P.O. Box 402, 8846 Quisque Avenue','21.04.15','Mrs.','18.08.15',true,'15.12.15','09.09.15','ВНЕШНЯЯ'),(161,'37','4',161,161,'5','III','Wallace','Benjamin','Griffin','Tyrone A. Keller','217 Donec Rd.','19.11.15','Dr.','22.03.15',false,'14.04.15','05.06.14','ГОС'),(162,'8','5',162,162,'1','4','Robert','Finn','Zahir','Barbara W. Hamilton','Ap #630-6714 Justo Avenue','02.02.15','Dr.','10.12.14',false,'03.07.15','21.10.15','ВНЕШНЯЯ'),(163,'2','3',163,163,'3','III','Aristotle','Driscoll','Price','Hayley Y. Stewart','Ap #202-1811 Morbi Road','02.10.14','Mrs.','14.03.14',true,'26.11.14','02.11.14','ВНЕШНЯЯ'),(164,'2','6',164,164,'2','2','Ivor','Dorian','Warren','Jasper C. Figueroa','Ap #112-6957 Tempor St.','26.11.14','Ms.','08.02.15',false,'07.03.14','09.05.15','ГОС'),(165,'11','2',165,165,'2','I','Avram','Garth','Berk','Salvador C. Harmon','Ap #559-3808 Donec Ave','06.06.14','Ms.','25.11.14',true,'20.07.15','06.07.14','ГОС'),(166,'4','3',166,166,'1','4','Jameson','Melvin','Kamal','Damian S. Kirby','P.O. Box 185, 9462 Nullam Avenue','19.06.15','Mr.','15.11.14',false,'18.01.15','21.04.15','ВНЕШНЯЯ'),(167,'22','1',167,167,'3','2','Garrison','Isaac','Elijah','Arden L. Moran','634-1087 Ullamcorper. Av.','07.02.15','','19.04.15',false,'19.05.14','03.09.15','ИНАЯ'),(168,'34','1',168,168,'3','2','Sebastian','Cain','Oren','Marah G. Fitzgerald','P.O. Box 886, 3348 Curabitur Street','05.01.16','Mr.','24.10.14',true,'12.09.14','25.06.14','ИНАЯ'),(169,'15','5',169,169,'3','3','Ryder','Eagan','Chester','Denise Y. Stephenson','P.O. Box 506, 5444 Et St.','21.09.14','','06.11.15',true,'21.12.14','04.12.14','ВНЕШНЯЯ'),(170,'6','2',170,170,'4','4','Warren','Ross','Ezekiel','Shoshana H. Barlow','Ap #478-9247 Eu Ave','21.07.14','Dr.','04.02.16',true,'05.08.15','05.08.15','ИНАЯ'),(171,'3','2',171,171,'3','4','Kareem','Joel','Nicholas','Timon U. Benjamin','P.O. Box 330, 5372 Sodales Avenue','31.05.15','Mr.','04.04.15',false,'07.02.16','09.01.15','ИНАЯ'),(172,'30','2',172,172,'2','I','Thomas','Plato','Jackson','Amos K. Rivas','Ap #781-9246 Dolor, St.','25.12.15','Ms.','01.06.14',true,'06.02.15','24.03.14','ГОС'),(173,'17','1',173,173,'3','5','Neville','Carter','Fulton','Rana O. Spears','Ap #610-8037 Turpis Rd.','26.03.14','Mr.','15.07.14',true,'25.01.16','12.04.15','ИНАЯ'),(174,'5','3',174,174,'2','3','Raymond','Brian','Jerry','Slade S. Beard','694-8404 Magna, Av.','20.01.16','','29.12.14',true,'21.06.15','17.09.15','ГОС'),(175,'14','4',175,175,'3','5','Hilel','Bert','Dillon','Blaze G. Marks','990-7997 Euismod St.','11.05.14','Mrs.','07.11.15',false,'15.02.15','18.07.15','ГОС'),(176,'3','6',176,176,'4','K','Jason','Kareem','Zeus','Mark A. Jennings','4513 Ligula St.','20.09.14','Mrs.','23.07.14',false,'30.08.14','02.01.15','ГОС'),(177,'19','2',177,177,'2','0','Lamar','Owen','Quinn','Aurora M. Bennett','Ap #224-435 Integer Road','04.01.16','Mrs.','07.01.15',true,'13.09.15','12.12.14','ГОС'),(178,'36','6',178,178,'2','I','Ulysses','Colorado','Brady','Nell N. Skinner','Ap #103-7250 Morbi St.','24.07.14','Mr.','30.07.14',true,'19.11.14','30.04.14','ВНЕШНЯЯ'),(179,'21','1',179,179,'4','I','Josiah','Solomon','Bruce','Sylvester K. Curtis','459-2402 Eu, St.','04.08.14','','02.02.16',true,'02.04.15','13.02.15','ИНАЯ'),(180,'35','4',180,180,'4','II','Lane','Armand','Bradley','Mason I. Green','P.O. Box 446, 3643 Eu Avenue','02.08.14','','03.11.14',false,'17.08.14','06.08.15','ГОС'),(181,'4','2',181,181,'4','II','Hedley','Emmanuel','Rogan','Merrill Z. Zamora','423-7852 Feugiat Rd.','06.06.14','Ms.','29.01.15',false,'22.05.14','29.11.15','ВНЕШНЯЯ'),(182,'3','6',182,182,'2','3','Jameson','Lucius','Buckminster','Leigh I. Skinner','362-2196 Dui. Road','27.05.15','','11.11.14',false,'06.12.15','19.09.15','ГОС'),(183,'6','5',183,183,'1','III','Baker','Camden','Ethan','Brian H. Guzman','Ap #805-766 Nibh Av.','29.08.14','Ms.','04.07.14',false,'23.08.14','14.02.16','ВНЕШНЯЯ'),(184,'26','5',184,184,'1','II','Cooper','Derek','Lyle','Wyoming J. Olsen','Ap #191-2326 Nec, Rd.','13.04.14','Ms.','18.05.15',true,'05.12.15','27.06.15','ВНЕШНЯЯ'),(185,'10','1',185,185,'5','III','Dalton','Connor','Nathan','Tarik F. Keller','994-3294 Adipiscing Road','03.03.15','','03.03.15',false,'22.02.15','21.03.15','ВНЕШНЯЯ'),(186,'6','3',186,186,'1','5','Gregory','Caesar','Noble','Keane H. Morgan','303-4579 Sed Av.','27.03.15','Ms.','31.01.15',true,'18.02.16','16.05.15','ИНАЯ'),(187,'3','6',187,187,'4','I','Hayden','Wyatt','Berk','Cody I. Blake','800-1618 Ut, St.','24.07.15','Dr.','03.08.15',false,'15.11.15','28.01.16','ИНАЯ'),(188,'24','4',188,188,'4','1','Gray','Jonah','Fitzgerald','Xavier T. Reynolds','P.O. Box 361, 1280 Phasellus Avenue','27.05.14','','23.09.15',true,'27.03.15','02.11.15','ВНЕШНЯЯ'),(189,'5','3',189,189,'5','I','Curran','Nicholas','Alexander','Yolanda L. Wood','475-3738 Tempor St.','16.12.14','Dr.','18.07.15',false,'19.12.14','18.08.15','ВНЕШНЯЯ'),(190,'35','5',190,190,'4','4','Dexter','Samuel','Julian','Barclay S. Oneal','P.O. Box 889, 4374 Consectetuer Rd.','07.12.15','Ms.','29.03.15',false,'23.11.15','14.06.14','ИНАЯ'),(191,'19','2',191,191,'3','1','Damon','Raymond','Adrian','Madeson M. Mack','Ap #560-6598 Mi Road','30.04.14','Mr.','11.10.14',false,'16.03.15','09.12.14','ВНЕШНЯЯ'),(192,'25','3',192,192,'5','2','Nolan','Kamal','Kane','Channing K. Hester','185-4420 Nisl Av.','25.12.14','Mrs.','06.07.14',false,'09.06.14','18.01.15','ИНАЯ'),(193,'7','1',193,193,'2','0','Kasper','Yuli','Solomon','Joseph S. Fitzpatrick','813-1085 Lorem Avenue','04.05.14','','16.02.15',false,'25.09.14','18.08.15','ИНАЯ'),(194,'35','5',194,194,'2','II','Gil','Aristotle','Burton','Morgan F. Wallace','P.O. Box 464, 3018 Non St.','14.05.15','','13.01.16',false,'29.01.16','21.09.14','ГОС'),(195,'28','4',195,195,'2','3','John','Price','Joel','Gloria E. Lang','P.O. Box 597, 389 Etiam Road','11.05.14','','10.11.15',false,'09.09.14','15.12.14','ВНЕШНЯЯ'),(196,'33','5',196,196,'3','0','Eaton','Acton','Gage','Isabelle Q. Hess','Ap #412-3018 Facilisis St.','10.10.14','Mr.','09.11.15',false,'01.07.15','11.02.16','ИНАЯ'),(197,'39','1',197,197,'4','0','Garth','Gabriel','Thor','Lana I. Curtis','4159 Eget, Avenue','16.11.14','Mr.','12.02.15',true,'05.08.14','29.04.14','ИНАЯ'),(198,'3','4',198,198,'5','0','Isaac','Rafael','Cole','Wyoming J. Conner','Ap #605-3917 Eros Avenue','01.12.14','Ms.','30.12.15',false,'25.12.14','29.08.15','ИНАЯ'),(199,'20','6',199,199,'1','I','Quentin','Abraham','Isaac','Kadeem U. Benton','P.O. Box 403, 9773 Diam Ave','02.01.15','Ms.','22.06.15',false,'15.12.14','18.01.15','ГОС'),(200,'36','5',200,200,'2','0','Rahim','Cain','Keaton','Brenden R. Crane','212-5633 Quam Street','10.08.15','Mrs.','11.12.15',false,'22.05.15','30.10.14','ВНЕШНЯЯ');

/*******************************
		Пользователи
*******************************/
INSERT INTO `interstudents`.`user`
(`user_id`,
`login`,
`password`,
`role`)
VALUES
(1,'admin','3b8193d9eb38699c660997a92fcc8a4e1c9a5c86a6171fc62b672e2e870f028b1e6c0066959ece6d','admin'),
(2,'user','5b2fbb19eb37842fa212d90a61195643df47598bdcc56033313389cabaa40c8f7f3014ff9a883faa','user');


