delete from `student` where student_id>0;
delete from `education_info` where education_info_id>0;
delete from `personal_info` where personal_info_id>0;
delete from `hostel` where hostel_id>0;
delete from `groupe` where group_id>0;
delete from `speciality` where speciality_id>0;
delete from `faculty` where faculty_id>0;
delete from `country` where country_id>0;

/*******************************
		Страны
*******************************/
INSERT INTO `interstudents`.`country`
(`country_id`,
`country_name`,
`is_bad`)
VALUES
(1, 'Беларусь', false),
(2, 'Россия', false),
(3, 'Украина', false),
(4, 'Туркменистан', true),
(5, 'Узбекистан', true),
(6, 'Турция', true);

/*******************************
		Курсы
*******************************/
INSERT INTO `interstudents`.`course`
(`course_id`,
`course_name`)
VALUES
(1, '0'),
(2, '1'),
(3, '2'),
(4, '3'),
(5, '4'),
(6, '5'),
(7, 'I'),
(8, 'II'),
(9, 'III'),
(10, 'A'),
(11, 'K');

/*******************************
		Факультеты
*******************************/
INSERT INTO `interstudents`.`faculty`
(`faculty_id`,
`faculty_name`)
VALUES
(1, 'Физмат'),
(2, 'Истфак'),
(3, 'Физо'),
(4, 'Филфак'),
(5, 'Экономфак'),
(6, 'Педфак');

/*******************************
		Специальности
*******************************/
INSERT INTO `interstudents`.`speciality`
(`speciality_id`,
`faculty_id`,
`speciality_name`)
VALUES
(1, 1, 'Математик'),
(2, 1, 'Физик'),
(3, 1, 'Информатик'),
(4, 2, 'Историк'),
(5, 2, 'Археолог'),
(6, 3, 'Футбол'),
(7, 3, 'Лыжи'),
(8, 4, 'Анлийский'),
(9, 4, 'Русский'),
(10, 5, 'Экономист'),
(11, 5, 'Бугалтер'),
(12, 6, 'Педогог'),
(13, 6, 'Воспитатель');

/*******************************
		Группы
*******************************/
INSERT INTO `interstudents`.`groupe`
(`group_id`,
`speciality_id`,
`course_id`,
`group_name`)
VALUES
(1, 1, 2, '1 АБ'),
(2, 1, 2, '1 ВГ'),
(3, 1, 3, '2 ДЕ'),
(4, 1, 3, '2 А'),
(5, 1, 4, '3 Б'),
(6, 1, 4, '3 В'),
(7, 1, 5, '4 А'),
(8, 1, 5, '4 В'),
(9, 1, 6, '5 Г'),
(10, 1, 6, '5 А'),
(11, 4, 4, 'Б'),
(12, 4, 4, 'В'),
(13, 5, 5, 'А'),
(14, 5, 5, 'Б'),
(15, 5, 5, 'В'),
(16, 6, 6, 'А'),
(17, 6, 6, 'Б'),
(18, 6, 6, 'В'),
(19, 7, 7, 'А'),
(20, 7, 7, 'Б'),
(21, 7, 7, 'В'),
(22, 8, 8, 'А'),
(23, 8, 9, 'Б'),
(24, 8, 9, 'В'),
(25, 9, 2, 'А'),
(26, 9, 3, 'Б'),
(27, 9, 7, 'В'),
(28, 10, 6, 'А'),
(29, 10, 5, 'Б'),
(30, 10, 4, 'ВГ'),
(31, 11, 3, 'А'),
(32, 11, 2, 'В'),
(33, 11, 10, 'Г'),
(34, 12, 10, 'А'),
(35, 12, 10, 'Б'),
(36, 12, 11, 'В'),
(37, 13, 11, 'А'),
(38, 13, 11, 'Д'),
(39, 13, 11, 'Е');

/*******************************
		Общежития
*******************************/
INSERT INTO `interstudents`.`hostel`
(`hostel_id`,
`hostel_name`,
`address`)
VALUES
(1, 'общежитие №1', 'г. Могилев ул. Ленинская, 39'),
(2, 'общежитие №2', 'г. Могилев ул. Ленинская, 33'),
(3, 'общежитие №3', 'г. Могилев ул. Космонавтов, 21'),
(4, 'общежитие №4', 'г. Могилев ул. Комсомольская, 14'),
(5, 'общежитие №5', 'г. Могилев ул. К. Маркса, 2');

/*******************************
		Пользователи
*******************************/
INSERT INTO `interstudents`.`user`
(`user_id`,
`login`,
`password`,
`role`)
VALUES
(1,'admin','3b8193d9eb38699c660997a92fcc8a4e1c9a5c86a6171fc62b672e2e870f028b1e6c0066959ece6d','admin'),
(2,'user','5b2fbb19eb37842fa212d90a61195643df47598bdcc56033313389cabaa40c8f7f3014ff9a883faa','user');


